store_nbr,item_nbr,units,season
1,1,0,winter
1,2,0,winter
1,3,0,winter
1,4,0,winter
1,5,0,winter
1,6,0,winter
1,7,0,winter
1,8,0,winter
1,9,29,winter
1,10,0,winter
1,11,0,winter
1,12,0,winter
1,13,0,winter
1,14,0,winter
1,15,0,winter
1,16,0,winter
1,17,0,winter
1,18,0,winter
1,19,0,winter
1,20,0,winter
1,21,0,winter
1,22,0,winter
1,23,0,winter
1,24,0,winter
1,25,0,winter
1,26,0,winter
1,27,0,winter
1,28,2,winter
1,29,0,winter
2,1,0,winter
2,2,0,winter
2,3,0,winter
2,4,0,winter
2,5,191,winter
2,6,0,winter
2,7,0,winter
2,8,0,winter
2,9,0,winter
2,10,0,winter
2,11,0,winter
2,12,0,winter
2,13,0,winter
2,14,0,winter
2,15,0,winter
2,16,0,winter
2,17,0,winter
2,18,0,winter
2,19,0,winter
2,20,0,winter
2,21,0,winter
2,22,0,winter
2,23,0,winter
2,24,0,winter
2,25,0,winter
2,26,0,winter
2,27,0,winter
2,28,0,winter
2,29,0,winter
2,30,0,winter
3,1,0,winter
3,2,0,winter
3,3,0,winter
3,4,0,winter
3,5,214,winter
3,6,0,winter
3,7,0,winter
3,8,0,winter
3,9,0,winter
3,10,0,winter
3,11,0,winter
3,12,0,winter
3,13,0,winter
3,14,0,winter
3,15,0,winter
3,16,0,winter
3,17,0,winter
3,18,0,winter
3,19,0,winter
3,20,0,winter
3,21,0,winter
3,22,0,winter
3,23,0,winter
3,24,0,winter
3,25,0,winter
3,26,0,winter
3,27,0,winter
3,28,0,winter
3,29,0,winter
3,30,0,winter
3,31,0,winter
3,32,0,winter
3,33,0,winter
3,34,0,winter
3,35,0,winter
3,36,0,winter
3,37,0,winter
3,38,0,winter
3,39,0,winter
3,40,0,winter
3,41,0,winter
3,42,0,winter
3,43,0,winter
3,44,0,winter
3,45,112,winter
3,46,0,winter
4,1,0,winter
4,2,0,winter
4,3,0,winter
4,4,0,winter
4,5,0,winter
4,6,0,winter
4,7,0,winter
4,8,0,winter
4,9,61,winter
4,10,0,winter
4,11,0,winter
4,12,0,winter
4,13,0,winter
4,14,0,winter
4,15,0,winter
4,16,0,winter
4,17,0,winter
4,18,0,winter
4,19,0,winter
4,20,0,winter
4,21,0,winter
4,22,0,winter
4,23,0,winter
4,24,0,winter
4,25,0,winter
4,26,0,winter
4,27,21,winter
4,28,0,winter
4,29,0,winter
4,30,0,winter
4,31,0,winter
4,32,0,winter
4,33,0,winter
4,34,0,winter
4,35,0,winter
4,36,0,winter
4,37,0,winter
4,38,0,winter
4,39,0,winter
4,40,0,winter
4,41,0,winter
4,42,0,winter
4,43,0,winter
4,44,0,winter
4,45,0,winter
4,46,0,winter
4,47,0,winter
4,48,0,winter
4,49,0,winter
4,50,0,winter
4,51,0,winter
4,52,0,winter
4,53,0,winter
4,54,0,winter
4,55,0,winter
4,56,0,winter
4,57,0,winter
4,58,0,winter
4,59,0,winter
4,60,0,winter
4,61,0,winter
4,62,0,winter
4,63,0,winter
4,64,0,winter
4,65,0,winter
4,66,0,winter
4,67,0,winter
4,68,0,winter
4,69,0,winter
4,70,0,winter
4,71,0,winter
4,72,0,winter
4,73,0,winter
4,74,0,winter
4,75,0,winter
4,76,0,winter
4,77,0,winter
4,78,0,winter
4,79,0,winter
4,80,0,winter
4,81,0,winter
4,82,0,winter
4,83,0,winter
4,84,0,winter
4,85,0,winter
4,86,0,winter
4,87,0,winter
4,88,0,winter
4,89,0,winter
4,90,0,winter
4,91,0,winter
4,92,0,winter
4,93,0,winter
4,94,0,winter
4,95,0,winter
4,96,0,winter
4,97,0,winter
4,98,0,winter
4,99,0,winter
4,100,0,winter
4,101,0,winter
4,102,0,winter
4,103,0,winter
4,104,0,winter
4,105,0,winter
4,106,0,winter
4,107,0,winter
4,108,0,winter
4,109,0,winter
4,110,0,winter
4,111,0,winter
5,1,0,winter
5,2,0,winter
5,3,0,winter
5,4,0,winter
5,5,0,winter
5,6,0,winter
5,7,0,winter
5,8,0,winter
5,9,0,winter
5,10,0,winter
5,11,0,winter
5,12,0,winter
5,13,0,winter
5,14,0,winter
5,15,0,winter
5,16,24,winter
5,17,0,winter
5,18,0,winter
5,19,0,winter
5,20,0,winter
5,21,0,winter
5,22,0,winter
5,23,0,winter
5,24,0,winter
5,25,0,winter
5,26,0,winter
5,27,0,winter
5,28,0,winter
5,29,0,winter
5,30,0,winter
5,31,0,winter
5,32,1,winter
5,33,0,winter
5,34,0,winter
5,35,0,winter
5,36,0,winter
5,37,16,winter
5,38,0,winter
5,39,0,winter
5,40,0,winter
5,41,0,winter
5,42,0,winter
5,43,0,winter
5,44,0,winter
5,45,0,winter
5,46,0,winter
5,47,0,winter
5,48,0,winter
5,49,0,winter
5,50,0,winter
5,51,0,winter
5,52,0,winter
5,53,0,winter
5,54,0,winter
5,55,0,winter
5,56,0,winter
5,57,0,winter
5,58,0,winter
5,59,0,winter
5,60,0,winter
5,61,0,winter
5,62,0,winter
5,63,0,winter
5,64,0,winter
5,65,0,winter
5,66,0,winter
5,67,0,winter
5,68,0,winter
5,69,0,winter
5,70,0,winter
5,71,0,winter
5,72,0,winter
5,73,0,winter
5,74,0,winter
5,75,0,winter
5,76,0,winter
5,77,0,winter
5,78,0,winter
5,79,0,winter
5,80,0,winter
5,81,0,winter
5,82,0,winter
5,83,0,winter
5,84,0,winter
5,85,0,winter
5,86,0,winter
5,87,0,winter
5,88,0,winter
5,89,0,winter
5,90,0,winter
5,91,0,winter
5,92,0,winter
5,93,0,winter
5,94,0,winter
5,95,0,winter
5,96,0,winter
5,97,0,winter
5,98,0,winter
5,99,0,winter
5,100,0,winter
5,101,0,winter
5,102,0,winter
5,103,0,winter
5,104,0,winter
5,105,0,winter
5,106,0,winter
5,107,0,winter
5,108,0,winter
5,109,0,winter
5,110,0,winter
5,111,0,winter
6,1,0,winter
6,2,0,winter
6,3,0,winter
6,4,0,winter
6,5,0,winter
6,6,0,winter
6,7,0,winter
6,8,0,winter
6,9,44,winter
6,10,0,winter
6,11,0,winter
6,12,0,winter
6,13,0,winter
6,14,0,winter
6,15,0,winter
6,16,0,winter
6,17,0,winter
6,18,0,winter
6,19,0,winter
6,20,0,winter
6,21,0,winter
6,22,0,winter
6,23,0,winter
6,24,0,winter
6,25,0,winter
6,26,0,winter
6,27,0,winter
6,28,0,winter
6,29,0,winter
6,30,0,winter
6,31,0,winter
6,32,0,winter
6,33,0,winter
6,34,0,winter
6,35,0,winter
6,36,0,winter
6,37,0,winter
6,38,0,winter
6,39,0,winter
6,40,0,winter
6,41,0,winter
6,42,0,winter
6,43,0,winter
6,44,0,winter
6,45,86,winter
6,46,0,winter
6,47,0,winter
6,48,0,winter
6,49,0,winter
6,50,0,winter
6,51,0,winter
6,52,0,winter
6,53,0,winter
6,54,0,winter
6,55,0,winter
6,56,0,winter
6,57,0,winter
6,58,0,winter
6,59,0,winter
6,60,0,winter
6,61,0,winter
6,62,0,winter
6,63,0,winter
6,64,0,winter
6,65,0,winter
6,66,0,winter
6,67,0,winter
6,68,0,winter
6,69,0,winter
6,70,0,winter
6,71,0,winter
6,72,0,winter
6,73,0,winter
6,74,0,winter
6,75,0,winter
6,76,0,winter
6,77,0,winter
6,78,0,winter
6,79,0,winter
6,80,0,winter
6,81,0,winter
6,82,0,winter
6,83,0,winter
6,84,0,winter
6,85,0,winter
6,86,0,winter
6,87,0,winter
6,88,0,winter
6,89,0,winter
6,90,0,winter
6,91,0,winter
6,92,0,winter
6,93,0,winter
6,94,0,winter
6,95,0,winter
6,96,0,winter
6,97,0,winter
6,98,0,winter
6,99,0,winter
6,100,0,winter
6,101,0,winter
6,102,0,winter
6,103,0,winter
6,104,0,winter
6,105,0,winter
6,106,0,winter
6,107,0,winter
6,108,0,winter
6,109,0,winter
6,110,0,winter
6,111,0,winter
7,1,0,winter
7,2,0,winter
7,3,0,winter
7,4,0,winter
7,5,137,winter
7,6,0,winter
7,7,2,winter
7,8,0,winter
7,9,0,winter
7,10,0,winter
7,11,0,winter
7,12,0,winter
7,13,0,winter
7,14,0,winter
7,15,0,winter
7,16,0,winter
7,17,0,winter
7,18,0,winter
7,19,0,winter
7,20,0,winter
7,21,0,winter
7,22,0,winter
7,23,16,winter
7,24,0,winter
7,25,0,winter
7,26,0,winter
7,27,0,winter
7,28,0,winter
7,29,0,winter
7,30,0,winter
7,31,0,winter
7,32,0,winter
7,33,0,winter
7,34,0,winter
7,35,0,winter
7,36,0,winter
7,37,0,winter
7,38,0,winter
7,39,0,winter
7,40,0,winter
7,41,0,winter
7,42,0,winter
7,43,0,winter
7,44,0,winter
7,45,0,winter
7,46,0,winter
7,47,0,winter
7,48,0,winter
7,49,0,winter
7,50,0,winter
7,51,0,winter
7,52,0,winter
7,53,0,winter
7,54,0,winter
7,55,0,winter
7,56,0,winter
7,57,0,winter
7,58,0,winter
7,59,0,winter
7,60,0,winter
7,61,0,winter
7,62,0,winter
7,63,0,winter
7,64,0,winter
7,65,0,winter
7,66,0,winter
7,67,0,winter
7,68,0,winter
7,69,0,winter
7,70,0,winter
7,71,0,winter
7,72,0,winter
7,73,0,winter
7,74,0,winter
7,75,0,winter
7,76,0,winter
7,77,0,winter
7,78,0,winter
7,79,0,winter
7,80,0,winter
7,81,0,winter
7,82,0,winter
7,83,0,winter
7,84,0,winter
7,85,0,winter
7,86,0,winter
7,87,0,winter
7,88,0,winter
7,89,0,winter
7,90,0,winter
7,91,0,winter
7,92,0,winter
7,93,0,winter
7,94,0,winter
7,95,0,winter
7,96,0,winter
7,97,0,winter
7,98,0,winter
7,99,0,winter
7,100,0,winter
7,101,0,winter
7,102,0,winter
7,103,0,winter
7,104,0,winter
7,105,0,winter
7,106,0,winter
7,107,0,winter
7,108,0,winter
7,109,0,winter
7,110,0,winter
7,111,0,winter
8,1,0,winter
8,2,0,winter
8,3,0,winter
8,4,0,winter
8,5,38,winter
8,6,0,winter
8,7,0,winter
8,8,0,winter
8,9,0,winter
8,10,0,winter
8,11,0,winter
8,12,0,winter
8,13,0,winter
8,14,0,winter
8,15,0,winter
8,16,0,winter
8,17,0,winter
8,18,0,winter
8,19,0,winter
8,20,0,winter
8,21,0,winter
8,22,0,winter
8,23,4,winter
8,24,0,winter
8,25,0,winter
8,26,0,winter
8,27,0,winter
8,28,0,winter
8,29,0,winter
8,30,0,winter
8,31,0,winter
8,32,0,winter
8,33,0,winter
8,34,0,winter
8,35,0,winter
8,36,0,winter
8,37,0,winter
8,38,0,winter
8,39,0,winter
8,40,0,winter
8,41,0,winter
8,42,0,winter
8,43,0,winter
8,44,0,winter
8,45,0,winter
8,46,0,winter
8,47,0,winter
8,48,0,winter
8,49,0,winter
8,50,0,winter
8,51,0,winter
8,52,0,winter
8,53,0,winter
8,54,0,winter
8,55,0,winter
8,56,0,winter
8,57,0,winter
8,58,0,winter
8,59,0,winter
8,60,0,winter
8,61,0,winter
8,62,0,winter
8,63,0,winter
8,64,0,winter
8,65,0,winter
8,66,0,winter
8,67,0,winter
8,68,0,winter
8,69,0,winter
8,70,0,winter
8,71,0,winter
8,72,0,winter
8,73,0,winter
8,74,0,winter
8,75,0,winter
8,76,0,winter
8,77,0,winter
8,78,0,winter
8,79,0,winter
8,80,0,winter
8,81,0,winter
8,82,0,winter
8,83,0,winter
8,84,0,winter
8,85,0,winter
8,86,0,winter
8,87,0,winter
8,88,0,winter
8,89,0,winter
8,90,0,winter
8,91,0,winter
8,92,0,winter
8,93,0,winter
9,1,0,winter
9,2,0,winter
9,3,0,winter
9,4,0,winter
9,5,131,winter
9,6,0,winter
9,7,0,winter
9,8,0,winter
9,9,0,winter
9,10,4,winter
9,11,0,winter
9,12,0,winter
9,13,0,winter
9,14,0,winter
9,15,0,winter
9,16,0,winter
9,17,0,winter
9,18,0,winter
9,19,0,winter
9,20,0,winter
9,21,0,winter
9,22,0,winter
9,23,0,winter
9,24,0,winter
9,25,0,winter
9,26,0,winter
9,27,0,winter
9,28,0,winter
9,29,0,winter
9,30,0,winter
9,31,0,winter
9,32,0,winter
9,33,0,winter
9,34,0,winter
9,35,0,winter
9,36,0,winter
9,37,0,winter
9,38,0,winter
9,39,0,winter
9,40,0,winter
9,41,0,winter
9,42,0,winter
9,43,0,winter
9,44,0,winter
9,45,72,winter
9,46,0,winter
9,47,0,winter
10,1,0,winter
10,2,0,winter
10,3,0,winter
10,4,0,winter
10,5,98,winter
10,6,0,winter
10,7,0,winter
10,8,0,winter
10,9,0,winter
10,10,0,winter
10,11,0,winter
10,12,0,winter
10,13,0,winter
10,14,0,winter
10,15,0,winter
10,16,0,winter
10,17,0,winter
10,18,0,winter
10,19,0,winter
10,20,0,winter
10,21,0,winter
10,22,0,winter
10,23,0,winter
10,24,0,winter
10,25,0,winter
10,26,0,winter
10,27,0,winter
10,28,0,winter
10,29,0,winter
10,30,0,winter
10,31,0,winter
10,32,0,winter
10,33,0,winter
10,34,0,winter
10,35,0,winter
10,36,0,winter
10,37,32,winter
10,38,0,winter
10,39,0,winter
10,40,0,winter
10,41,0,winter
10,42,0,winter
10,43,0,winter
10,44,0,winter
10,45,0,winter
10,46,0,winter
10,47,0,winter
10,48,0,winter
10,49,0,winter
10,50,0,winter
10,51,0,winter
10,52,0,winter
10,53,0,winter
10,54,0,winter
10,55,0,winter
10,56,0,winter
10,57,0,winter
10,58,0,winter
10,59,0,winter
10,60,0,winter
10,61,0,winter
10,62,0,winter
10,63,0,winter
10,64,0,winter
10,65,0,winter
10,66,0,winter
10,67,0,winter
10,68,0,winter
10,69,0,winter
10,70,0,winter
10,71,0,winter
10,72,0,winter
10,73,0,winter
10,74,0,winter
10,75,0,winter
10,76,0,winter
29,38,0,spring
29,39,0,spring
29,40,0,spring
29,41,18,spring
29,42,0,spring
29,43,0,spring
29,44,0,spring
29,45,87,spring
29,46,0,spring
29,47,0,spring
29,48,0,spring
29,49,0,spring
29,50,0,spring
29,51,0,spring
29,52,0,spring
29,53,0,spring
29,54,0,spring
29,55,0,spring
29,56,1,spring
29,57,0,spring
29,58,0,spring
29,59,0,spring
29,60,0,spring
29,61,0,spring
29,62,0,spring
29,63,0,spring
29,64,0,spring
29,65,0,spring
29,66,0,spring
29,67,0,spring
29,68,0,spring
29,69,0,spring
29,70,0,spring
29,71,0,spring
29,72,0,spring
29,73,0,spring
29,74,0,spring
29,75,0,spring
29,76,0,spring
29,77,0,spring
29,78,0,spring
29,79,0,spring
29,80,0,spring
29,81,0,spring
29,82,0,spring
29,83,0,spring
29,84,0,spring
29,85,0,spring
29,86,0,spring
29,87,0,spring
29,88,0,spring
29,89,0,spring
29,90,0,spring
29,91,0,spring
29,92,0,spring
29,93,0,spring
29,94,0,spring
29,95,0,spring
29,96,0,spring
29,97,0,spring
29,98,0,spring
29,99,0,spring
29,100,0,spring
29,101,0,spring
29,102,0,spring
29,103,0,spring
29,104,0,spring
29,105,0,spring
29,106,0,spring
29,107,0,spring
29,108,0,spring
29,109,0,spring
29,110,0,spring
29,111,0,spring
30,1,0,spring
30,2,0,spring
30,3,0,spring
30,4,0,spring
30,5,0,spring
30,6,0,spring
30,7,0,spring
30,8,0,spring
30,9,0,spring
30,10,0,spring
30,11,0,spring
30,12,0,spring
30,13,0,spring
30,14,0,spring
30,15,0,spring
30,16,67,spring
30,17,0,spring
30,18,0,spring
30,19,0,spring
30,20,0,spring
30,21,0,spring
30,22,0,spring
30,23,0,spring
30,24,0,spring
30,25,0,spring
30,26,0,spring
30,27,0,spring
30,28,0,spring
30,29,0,spring
30,30,0,spring
30,31,0,spring
30,32,0,spring
30,33,0,spring
30,34,0,spring
30,35,0,spring
30,36,0,spring
30,37,0,spring
30,38,0,spring
30,39,0,spring
30,40,0,spring
30,41,0,spring
30,42,0,spring
30,43,0,spring
30,44,237,spring
30,45,0,spring
30,46,0,spring
30,47,0,spring
30,48,0,spring
30,49,0,spring
30,50,0,spring
30,51,0,spring
30,52,0,spring
30,53,0,spring
30,54,0,spring
30,55,0,spring
30,56,0,spring
30,57,0,spring
30,58,0,spring
30,59,0,spring
30,60,0,spring
30,61,0,spring
30,62,0,spring
30,63,0,spring
30,64,0,spring
30,65,0,spring
30,66,0,spring
30,67,0,spring
30,68,0,spring
30,69,0,spring
30,70,0,spring
30,71,0,spring
30,72,0,spring
30,73,0,spring
30,74,0,spring
30,75,0,spring
30,76,0,spring
30,77,0,spring
30,78,0,spring
30,79,0,spring
30,80,0,spring
30,81,0,spring
30,82,0,spring
30,83,0,spring
30,84,0,spring
30,85,0,spring
30,86,0,spring
30,87,0,spring
30,88,0,spring
30,89,0,spring
30,90,0,spring
30,91,0,spring
30,92,0,spring
30,93,0,spring
30,94,0,spring
30,95,0,spring
30,96,0,spring
30,97,0,spring
30,98,0,spring
30,99,0,spring
30,100,0,spring
30,101,0,spring
30,102,0,spring
30,103,0,spring
30,104,0,spring
30,105,0,spring
30,106,0,spring
30,107,0,spring
30,108,0,spring
30,109,0,spring
30,110,0,spring
30,111,0,spring
31,1,0,spring
31,2,0,spring
31,3,0,spring
31,4,0,spring
31,5,0,spring
31,6,0,spring
31,7,0,spring
36,38,0,spring
36,39,0,spring
36,40,0,spring
36,41,0,spring
36,42,0,spring
36,43,0,spring
36,44,99,spring
36,45,0,spring
36,46,0,spring
36,47,0,spring
36,48,0,spring
36,49,0,spring
36,50,0,spring
36,51,0,spring
36,52,0,spring
36,53,0,spring
36,54,0,spring
36,55,0,spring
36,56,0,spring
36,57,0,spring
36,58,0,spring
36,59,0,spring
36,60,0,spring
36,61,0,spring
36,62,0,spring
36,63,0,spring
36,64,0,spring
36,65,0,spring
36,66,0,spring
36,67,0,spring
36,68,0,spring
36,69,0,spring
36,70,0,spring
36,71,0,spring
36,72,0,spring
36,73,0,spring
36,74,0,spring
36,75,0,spring
36,76,0,spring
36,77,0,spring
36,78,0,spring
36,79,0,spring
36,80,0,spring
36,81,0,spring
36,82,0,spring
36,83,0,spring
36,84,0,spring
36,85,0,spring
36,86,0,spring
36,87,0,spring
36,88,0,spring
36,89,0,spring
36,90,0,spring
36,91,0,spring
36,92,0,spring
36,93,0,spring
36,94,0,spring
36,95,0,spring
36,96,0,spring
36,97,0,spring
36,98,0,spring
36,99,0,spring
36,100,0,spring
36,101,0,spring
36,102,0,spring
36,103,0,spring
36,104,0,spring
36,105,0,spring
36,106,0,spring
36,107,0,spring
36,108,0,spring
36,109,0,spring
36,110,0,spring
36,111,0,spring
37,1,0,spring
37,2,0,spring
37,3,0,spring
37,4,0,spring
37,5,50,spring
37,6,0,spring
37,7,0,spring
37,8,0,spring
37,9,0,spring
37,10,0,spring
37,11,0,spring
37,12,0,spring
37,13,0,spring
37,14,0,spring
37,15,0,spring
37,16,0,spring
37,17,0,spring
37,18,0,spring
37,19,0,spring
37,20,0,spring
37,21,0,spring
37,22,0,spring
37,23,0,spring
37,24,0,spring
37,25,0,spring
37,26,0,spring
37,27,0,spring
37,28,0,spring
37,29,0,spring
37,30,0,spring
37,31,0,spring
37,32,0,spring
37,33,0,spring
37,34,0,spring
37,35,0,spring
37,36,0,spring
37,37,0,spring
37,38,0,spring
37,39,0,spring
37,40,0,spring
37,41,0,spring
37,42,0,spring
37,43,0,spring
37,44,0,spring
37,45,90,spring
37,46,0,spring
37,47,0,spring
37,48,0,spring
37,49,0,spring
37,50,0,spring
37,51,0,spring
37,52,0,spring
37,53,0,spring
37,54,0,spring
37,55,0,spring
37,56,0,spring
37,57,0,spring
37,58,0,spring
37,59,0,spring
37,60,0,spring
37,61,0,spring
37,62,0,spring
37,63,0,spring
37,64,0,spring
37,65,0,spring
37,66,0,spring
37,67,0,spring
37,68,0,spring
37,69,0,spring
37,70,0,spring
37,71,0,spring
37,72,0,spring
37,73,0,spring
37,74,0,spring
37,75,0,spring
37,76,0,spring
37,77,0,spring
37,78,0,spring
37,79,0,spring
37,80,0,spring
37,81,0,spring
37,82,0,spring
37,83,0,spring
37,84,0,spring
37,85,0,spring
37,86,0,spring
37,87,0,spring
37,88,0,spring
37,89,0,spring
37,90,0,spring
37,91,0,spring
37,92,0,spring
37,93,0,spring
37,94,0,spring
37,95,0,spring
37,96,0,spring
37,97,0,spring
37,98,0,spring
37,99,0,spring
37,100,0,spring
37,101,0,spring
37,102,0,spring
37,103,0,spring
37,104,0,spring
37,105,0,spring
37,106,0,spring
37,107,0,spring
37,108,0,spring
37,109,0,spring
37,110,0,spring
37,111,0,spring
38,1,0,spring
38,2,0,spring
38,3,0,spring
38,4,0,spring
38,5,0,spring
38,6,0,spring
38,7,0,spring
38,8,0,spring
38,9,157,spring
38,10,0,spring
38,11,0,spring
38,12,0,spring
38,13,0,spring
38,14,0,spring
38,15,0,spring
38,16,0,spring
38,17,0,spring
38,18,0,spring
38,19,0,spring
38,20,0,spring
38,21,0,spring
38,22,0,spring
38,23,0,spring
38,24,0,spring
38,25,0,spring
38,26,0,spring
38,27,0,spring
38,28,0,spring
38,29,0,spring
38,30,0,spring
38,31,0,spring
38,32,0,spring
38,33,0,spring
38,34,0,spring
38,35,0,spring
38,36,0,spring
38,37,0,spring
38,38,0,spring
38,39,0,spring
38,40,0,spring
38,41,0,spring
38,42,0,spring
38,43,0,spring
38,44,0,spring
38,45,122,spring
38,46,0,spring
38,47,0,spring
38,48,0,spring
38,49,0,spring
38,50,0,spring
38,51,0,spring
38,52,1,spring
38,53,0,spring
38,54,0,spring
38,55,0,spring
38,56,0,spring
38,57,0,spring
38,58,0,spring
38,59,0,spring
38,60,0,spring
38,61,0,spring
38,62,0,spring
38,63,0,spring
38,64,0,spring
38,65,0,spring
38,66,0,spring
38,67,0,spring
38,68,0,spring
38,69,0,spring
38,70,0,spring
38,71,0,spring
38,72,0,spring
38,73,0,spring
38,74,0,spring
38,75,0,spring
38,76,0,spring
38,77,0,spring
38,78,0,spring
38,79,0,spring
38,80,0,spring
38,81,0,spring
38,82,0,spring
38,83,0,spring
38,84,0,spring
38,85,0,spring
38,86,0,spring
38,87,0,spring
38,88,0,spring
38,89,0,spring
38,90,0,spring
38,91,0,spring
38,92,0,spring
38,93,0,spring
38,94,0,spring
38,95,0,spring
38,96,0,spring
38,97,0,spring
38,98,0,spring
38,99,0,spring
38,100,0,spring
38,101,0,spring
38,102,0,spring
38,103,0,spring
38,104,0,spring
38,105,0,spring
38,106,0,spring
38,107,0,spring
38,108,0,spring
38,109,0,spring
38,110,0,spring
38,111,0,spring
39,1,0,spring
39,2,0,spring
39,3,0,spring
39,4,0,spring
39,5,0,spring
39,6,0,spring
39,7,0,spring
39,8,0,spring
39,9,1,spring
39,10,0,spring
39,11,0,spring
39,12,0,spring
39,13,0,spring
39,14,0,spring
39,15,0,spring
39,16,0,spring
39,17,0,spring
39,18,0,spring
39,19,0,spring
39,20,0,spring
39,21,0,spring
39,22,0,spring
39,23,0,spring
39,24,0,spring
39,25,0,spring
39,26,0,spring
39,27,0,spring
39,28,0,spring
39,29,0,spring
39,30,0,spring
39,31,0,spring
39,32,0,spring
39,33,0,spring
39,34,0,spring
39,35,0,spring
39,36,16,spring
39,37,0,spring
39,38,0,spring
39,39,0,spring
39,40,0,spring
39,41,0,spring
39,42,0,spring
39,43,0,spring
39,44,0,spring
39,45,0,spring
39,46,0,spring
39,47,0,spring
39,48,0,spring
39,49,0,spring
39,50,0,spring
39,51,0,spring
39,52,0,spring
39,53,0,spring
39,54,0,spring
39,55,0,spring
39,56,0,spring
39,57,0,spring
39,58,0,spring
39,59,0,spring
39,60,0,spring
39,61,0,spring
39,62,0,spring
39,63,0,spring
39,64,0,spring
39,65,0,spring
39,66,0,spring
39,67,0,spring
39,68,0,spring
39,69,0,spring
39,70,0,spring
39,71,0,spring
39,72,0,spring
39,73,0,spring
39,74,0,spring
39,75,0,spring
39,76,0,spring
39,77,0,spring
39,78,0,spring
39,79,0,spring
39,80,0,spring
39,81,0,spring
39,82,0,spring
39,83,0,spring
12,108,0,spring
12,109,0,spring
12,110,0,spring
12,111,0,spring
13,1,0,spring
13,2,0,spring
13,3,0,spring
13,4,0,spring
13,5,64,spring
13,6,0,spring
13,7,0,spring
13,8,0,spring
13,9,0,spring
13,10,0,spring
13,11,0,spring
13,12,0,spring
13,13,0,spring
13,14,0,spring
13,15,0,spring
13,16,0,spring
13,17,0,spring
13,18,0,spring
13,19,0,spring
13,20,0,spring
13,21,0,spring
13,22,0,spring
13,23,0,spring
13,24,0,spring
13,25,0,spring
13,26,0,spring
13,27,0,spring
13,28,0,spring
13,29,0,spring
13,30,0,spring
13,31,0,spring
13,32,0,spring
13,33,0,spring
13,34,0,spring
13,35,0,spring
13,36,73,spring
13,37,0,spring
13,38,0,spring
13,39,0,spring
13,40,0,spring
13,41,0,spring
13,42,0,spring
13,43,0,spring
13,44,0,spring
13,45,0,spring
13,46,4,spring
13,47,0,spring
13,48,0,spring
13,49,0,spring
13,50,0,spring
13,51,0,spring
13,52,0,spring
13,53,0,spring
13,54,0,spring
13,55,0,spring
13,56,0,spring
13,57,0,spring
13,58,0,spring
13,59,0,spring
13,60,0,spring
13,61,0,spring
13,62,0,spring
13,63,0,spring
13,64,0,spring
13,65,0,spring
13,66,0,spring
13,67,0,spring
13,68,0,spring
13,69,0,spring
13,70,0,spring
13,71,0,spring
13,72,0,spring
13,73,0,spring
13,74,0,spring
13,75,0,spring
13,76,0,spring
13,77,0,spring
13,78,0,spring
13,79,0,spring
13,80,0,spring
13,81,0,spring
13,82,0,spring
13,83,0,spring
13,84,0,spring
13,85,0,spring
13,86,0,spring
13,87,0,spring
13,88,0,spring
13,89,0,spring
13,90,0,spring
13,91,0,spring
13,92,0,spring
13,93,9,spring
13,94,0,spring
13,95,0,spring
13,96,0,spring
13,97,0,spring
13,98,0,spring
13,99,0,spring
13,100,0,spring
13,101,0,spring
13,102,0,spring
13,103,0,spring
13,104,0,spring
13,105,0,spring
13,106,0,spring
13,107,0,spring
13,108,0,spring
13,109,0,spring
13,110,0,spring
13,111,0,spring
14,1,0,spring
14,2,0,spring
14,3,0,spring
14,4,0,spring
14,5,0,spring
14,6,0,spring
14,7,0,spring
14,8,0,spring
14,9,22,spring
14,10,0,spring
14,11,0,spring
14,12,0,spring
14,13,0,spring
14,14,0,spring
14,15,0,spring
14,16,0,spring
14,17,0,spring
14,18,0,spring
14,19,0,spring
14,20,0,spring
14,21,0,spring
14,22,0,spring
14,23,0,spring
14,24,0,spring
14,25,13,spring
14,26,0,spring
14,27,0,spring
14,28,0,spring
14,29,0,spring
14,30,0,spring
14,31,0,spring
14,32,0,spring
14,33,1,spring
14,34,0,spring
14,35,0,spring
14,36,0,spring
14,37,0,spring
14,38,0,spring
14,39,0,spring
14,40,0,spring
14,41,0,spring
14,42,0,spring
14,43,0,spring
14,44,0,spring
14,45,0,spring
14,46,0,spring
14,47,0,spring
14,48,0,spring
14,49,0,spring
14,50,0,spring
14,51,0,spring
14,52,0,spring
14,53,0,spring
14,54,0,spring
14,55,0,spring
14,56,0,spring
14,57,0,spring
14,58,0,spring
14,59,0,spring
14,60,0,spring
14,61,0,spring
14,62,0,spring
14,63,0,spring
14,64,0,spring
14,65,0,spring
14,66,0,spring
14,67,0,spring
14,68,0,spring
14,69,0,spring
14,70,1,spring
14,71,0,spring
14,72,0,spring
14,73,0,spring
14,74,0,spring
14,75,0,spring
14,76,0,spring
14,77,0,spring
14,78,0,spring
14,79,0,spring
14,80,0,spring
14,81,0,spring
14,82,0,spring
14,83,0,spring
14,84,0,spring
14,85,0,spring
14,86,0,spring
14,87,0,spring
14,88,0,spring
14,89,0,spring
14,90,0,spring
14,91,0,spring
14,92,0,spring
14,93,0,spring
14,94,0,spring
14,95,0,spring
14,96,0,spring
14,97,0,spring
14,98,0,spring
14,99,0,spring
14,100,0,spring
14,101,0,spring
14,102,0,spring
14,103,0,spring
14,104,0,spring
14,105,0,spring
14,106,0,spring
14,107,0,spring
14,108,0,spring
14,109,0,spring
14,110,0,spring
14,111,0,spring
15,1,0,spring
15,2,0,spring
15,3,0,spring
15,4,0,spring
15,5,63,spring
15,6,0,spring
15,7,0,spring
15,8,0,spring
15,9,0,spring
15,10,0,spring
15,11,0,spring
15,12,0,spring
15,13,0,spring
15,14,0,spring
15,15,0,spring
15,16,0,spring
15,17,0,spring
15,18,0,spring
15,19,0,spring
15,20,0,spring
15,21,0,spring
15,22,0,spring
15,23,0,spring
15,24,0,spring
15,25,0,spring
15,26,0,spring
15,27,0,spring
15,28,0,spring
15,29,0,spring
15,30,0,spring
15,31,0,spring
15,32,0,spring
15,33,0,spring
15,34,0,spring
15,35,0,spring
15,36,0,spring
15,37,0,spring
15,38,0,spring
15,39,0,spring
15,40,0,spring
15,41,0,spring
15,42,0,spring
15,43,0,spring
15,44,0,spring
15,45,116,spring
15,46,0,spring
15,47,0,spring
15,48,0,spring
15,49,0,spring
15,50,0,spring
15,51,0,spring
15,52,0,spring
15,53,0,spring
15,54,0,spring
15,55,0,spring
15,56,0,spring
15,57,0,spring
15,58,0,spring
15,59,0,spring
15,60,0,spring
15,61,0,spring
15,62,0,spring
15,63,0,spring
15,64,0,spring
15,65,0,spring
15,66,0,spring
15,67,0,spring
15,68,0,spring
15,69,0,spring
15,70,0,spring
15,71,0,spring
15,72,0,spring
15,73,0,spring
15,74,0,spring
15,75,0,spring
15,76,0,spring
15,77,0,spring
15,78,0,spring
15,79,0,spring
15,80,0,spring
15,81,0,spring
15,82,0,spring
15,83,0,spring
15,84,0,spring
15,85,0,spring
15,86,1,spring
15,87,0,spring
15,88,0,spring
15,89,0,spring
15,90,0,spring
15,91,0,spring
15,92,0,spring
15,93,5,spring
15,94,0,spring
15,95,0,spring
15,96,0,spring
15,97,0,spring
15,98,0,spring
15,99,0,spring
15,100,0,spring
15,101,0,spring
15,102,0,spring
15,103,0,spring
15,104,0,spring
15,105,0,spring
15,106,0,spring
15,107,0,spring
15,108,0,spring
15,109,0,spring
15,110,0,spring
15,111,0,spring
16,1,0,spring
16,2,0,spring
16,3,0,spring
16,4,0,spring
16,5,0,spring
16,6,0,spring
16,7,0,spring
16,8,0,spring
16,9,0,spring
16,10,0,spring
16,11,0,spring
16,12,0,spring
16,13,0,spring
16,14,0,spring
16,15,0,spring
16,16,31,spring
16,17,0,spring
16,18,0,spring
16,19,0,spring
16,20,0,spring
16,21,0,spring
16,22,0,spring
16,23,0,spring
16,24,0,spring
16,25,171,spring
16,26,0,spring
16,27,0,spring
16,28,0,spring
16,29,0,spring
16,30,0,spring
16,31,0,spring
16,32,0,spring
16,33,0,spring
16,34,0,spring
16,35,0,spring
16,36,0,spring
16,37,0,spring
16,38,0,spring
16,39,0,spring
16,40,0,spring
16,41,0,spring
16,42,0,spring
16,43,0,spring
16,44,0,spring
16,45,0,spring
16,46,0,spring
16,47,0,spring
16,48,0,spring
16,49,0,spring
16,50,0,spring
16,51,0,spring
16,52,0,spring
16,53,0,spring
16,54,0,spring
16,55,0,spring
16,56,0,spring
16,57,0,spring
16,58,0,spring
16,59,0,spring
16,60,0,spring
16,61,0,spring
16,62,0,spring
16,63,0,spring
16,64,0,spring
16,65,0,spring
16,66,0,spring
16,67,0,spring
16,68,0,spring
16,69,0,spring
16,70,0,spring
16,71,0,spring
16,72,0,spring
16,73,0,spring
16,74,0,spring
16,75,0,spring
16,76,0,spring
16,77,1,spring
16,78,0,spring
16,79,0,spring
16,80,0,spring
16,81,0,spring
16,82,0,spring
16,83,0,spring
16,84,0,spring
16,85,0,spring
16,86,0,spring
16,87,0,spring
16,88,0,spring
16,89,0,spring
16,90,0,spring
16,91,0,spring
16,92,0,spring
16,93,0,spring
16,94,0,spring
16,95,0,spring
16,96,0,spring
16,97,0,spring
16,98,0,spring
16,99,0,spring
16,100,0,spring
16,101,0,spring
16,102,0,spring
16,103,0,spring
16,104,0,spring
16,105,0,spring
16,106,0,spring
16,107,0,spring
16,108,0,spring
16,109,0,spring
16,110,0,spring
16,111,0,spring
17,1,0,spring
17,2,0,spring
17,3,0,spring
17,4,0,spring
17,5,0,spring
17,6,0,spring
17,7,0,spring
17,8,0,spring
17,9,111,spring
17,10,0,spring
17,11,0,spring
17,12,0,spring
17,13,0,spring
17,14,0,spring
17,15,0,spring
17,16,0,spring
17,17,0,spring
17,18,0,spring
17,19,0,spring
17,20,0,spring
17,21,0,spring
17,22,0,spring
17,23,0,spring
17,24,0,spring
17,25,0,spring
17,26,0,spring
17,27,0,spring
17,28,0,spring
17,29,0,spring
17,30,0,spring
17,31,0,spring
17,32,0,spring
17,33,0,spring
17,34,0,spring
17,35,0,spring
17,36,0,spring
17,37,72,spring
17,38,0,spring
17,39,0,spring
17,40,0,spring
17,41,0,spring
17,42,0,spring
17,43,0,spring
17,44,0,spring
17,45,0,spring
17,46,0,spring
17,47,0,spring
17,48,148,spring
17,49,0,spring
17,50,0,spring
17,51,0,spring
17,52,0,spring
17,53,0,spring
17,54,0,spring
17,55,0,spring
17,56,0,spring
17,57,0,spring
17,58,0,spring
17,59,0,spring
17,60,0,spring
17,61,0,spring
17,62,0,spring
17,63,0,spring
17,64,0,spring
17,65,0,spring
17,66,0,spring
17,67,0,spring
17,68,0,spring
17,69,0,spring
17,70,0,spring
17,71,0,spring
17,72,0,spring
17,73,0,spring
17,74,0,spring
17,75,0,spring
17,76,0,spring
17,77,0,spring
17,78,0,spring
17,79,0,spring
17,80,0,spring
17,81,0,spring
17,82,0,spring
17,83,0,spring
17,84,0,spring
17,85,0,spring
17,86,0,spring
17,87,0,spring
17,88,0,spring
17,89,0,spring
17,90,0,spring
17,91,0,spring
17,92,0,spring
17,93,0,spring
17,94,0,spring
17,95,0,spring
17,96,0,spring
17,97,0,spring
17,98,0,spring
17,99,0,spring
17,100,0,spring
17,101,0,spring
17,102,0,spring
17,103,0,spring
17,104,0,spring
17,105,0,spring
17,106,0,spring
17,107,0,spring
17,108,0,spring
17,109,0,spring
17,110,0,spring
17,111,0,spring
18,1,0,spring
18,2,0,spring
18,3,0,spring
18,4,0,spring
18,5,8,spring
18,6,0,spring
18,7,0,spring
18,8,0,spring
18,9,0,spring
18,10,0,spring
18,11,0,spring
18,12,0,spring
18,13,0,spring
18,14,0,spring
18,15,0,spring
18,16,0,spring
18,17,0,spring
18,18,0,spring
18,19,0,spring
18,20,0,spring
18,21,0,spring
18,22,0,spring
18,23,0,spring
18,24,0,spring
18,25,0,spring
18,26,0,spring
18,27,0,spring
18,28,0,spring
18,29,0,spring
18,30,0,spring
18,31,0,spring
18,32,0,spring
18,33,0,spring
18,34,0,spring
18,35,0,spring
18,36,0,spring
18,37,5,spring
18,38,0,spring
18,39,0,spring
18,40,0,spring
18,41,0,spring
18,42,0,spring
18,43,0,spring
18,44,0,spring
18,45,0,spring
18,46,0,spring
18,47,0,spring
18,48,0,spring
18,49,0,spring
18,50,0,spring
18,51,0,spring
18,52,0,spring
18,53,0,spring
18,54,0,spring
18,55,0,spring
18,56,0,spring
18,57,0,spring
18,58,0,spring
18,59,0,spring
18,60,0,spring
18,61,0,spring
18,62,0,spring
18,63,0,spring
18,64,0,spring
18,65,0,spring
18,66,0,spring
18,67,0,spring
18,68,0,spring
18,69,0,spring
18,70,0,spring
18,71,0,spring
18,72,1,spring
18,73,0,spring
18,74,0,spring
18,75,0,spring
18,76,0,spring
18,77,0,spring
18,78,0,spring
18,79,0,spring
18,80,0,spring
18,81,0,spring
18,82,0,spring
18,83,0,spring
18,84,0,spring
18,85,0,spring
18,86,0,spring
18,87,0,spring
18,88,0,spring
18,89,0,spring
18,90,0,spring
18,91,0,spring
18,92,0,spring
18,93,0,spring
18,94,0,spring
18,95,0,spring
18,96,0,spring
18,97,0,spring
18,98,0,spring
18,99,0,spring
18,100,0,spring
18,101,0,spring
18,102,0,spring
18,103,0,spring
18,104,0,spring
18,105,0,spring
18,106,0,spring
18,107,0,spring
18,108,0,spring
18,109,0,spring
18,110,0,spring
18,111,0,spring
19,1,0,spring
19,2,0,spring
19,3,0,spring
19,4,0,spring
19,5,0,spring
19,6,0,spring
19,7,0,spring
19,8,0,spring
19,9,0,spring
19,10,0,spring
19,11,0,spring
19,12,0,spring
19,13,0,spring
19,14,0,spring
19,15,0,spring
19,16,12,spring
19,17,0,spring
19,18,0,spring
19,19,0,spring
19,20,0,spring
19,21,0,spring
19,22,0,spring
19,23,0,spring
19,24,0,spring
19,25,0,spring
19,26,0,spring
19,27,0,spring
19,28,0,spring
19,29,0,spring
19,30,0,spring
19,31,0,spring
19,32,0,spring
19,33,0,spring
19,34,0,spring
19,35,0,spring
19,36,0,spring
19,37,0,spring
19,38,0,spring
19,39,0,spring
19,40,0,spring
19,41,0,spring
19,42,0,spring
19,43,0,spring
19,44,0,spring
19,45,0,spring
19,46,0,spring
19,47,0,spring
19,48,0,spring
19,49,0,spring
19,50,0,spring
19,51,0,spring
19,52,0,spring
19,53,0,spring
19,54,0,spring
19,55,0,spring
19,56,0,spring
19,57,0,spring
19,58,0,spring
19,59,0,spring
19,60,0,spring
19,61,0,spring
19,62,0,spring
19,63,0,spring
19,64,0,spring
19,65,0,spring
19,66,0,spring
19,67,0,spring
19,68,0,spring
19,69,1,spring
19,70,0,spring
19,71,0,spring
19,72,0,spring
19,73,0,spring
19,74,0,spring
19,75,0,spring
19,76,0,spring
19,77,0,spring
19,78,0,spring
19,79,0,spring
19,80,0,spring
19,81,0,spring
19,82,0,spring
19,83,10,spring
19,84,0,spring
19,85,0,spring
19,86,0,spring
19,87,0,spring
19,88,2,spring
19,89,0,spring
19,90,0,spring
19,91,0,spring
19,92,0,spring
19,93,3,spring
19,94,0,spring
19,95,0,spring
19,96,0,spring
19,97,0,spring
19,98,0,spring
19,99,0,spring
19,100,0,spring
19,101,0,spring
19,102,0,spring
19,103,0,spring
19,104,0,spring
19,105,0,spring
19,106,0,spring
19,107,0,spring
19,108,0,spring
19,109,0,spring
19,110,0,spring
19,111,0,spring
20,1,0,spring
20,2,0,spring
20,3,0,spring
20,4,0,spring
20,5,134,spring
20,6,0,spring
20,7,0,spring
20,8,0,spring
20,9,0,spring
20,10,0,spring
20,11,0,spring
20,12,0,spring
20,13,0,spring
20,14,0,spring
20,15,0,spring
20,16,0,spring
20,17,0,spring
20,18,0,spring
20,19,0,spring
20,20,0,spring
20,21,0,spring
20,22,0,spring
20,23,0,spring
20,24,0,spring
20,25,0,spring
20,26,0,spring
20,27,0,spring
20,28,0,spring
20,29,0,spring
20,30,0,spring
20,31,0,spring
20,32,0,spring
20,33,0,spring
20,34,0,spring
20,35,0,spring
20,36,0,spring
20,37,0,spring
20,38,0,spring
20,39,0,spring
20,40,0,spring
20,41,29,spring
20,42,0,spring
20,43,0,spring
20,44,0,spring
20,45,0,spring
20,46,0,spring
20,47,0,spring
20,48,0,spring
20,49,0,spring
20,50,0,spring
20,51,0,spring
20,52,0,spring
20,53,0,spring
20,54,0,spring
20,55,0,spring
20,56,0,spring
20,57,0,spring
20,58,0,spring
20,59,0,spring
20,60,0,spring
20,61,0,spring
20,62,0,spring
20,63,0,spring
20,64,0,spring
20,65,0,spring
20,66,0,spring
20,67,0,spring
20,68,0,spring
20,69,0,spring
20,70,0,spring
20,71,0,spring
20,72,0,spring
20,73,0,spring
20,74,0,spring
20,75,0,spring
20,76,0,spring
20,77,0,spring
20,78,0,spring
20,79,0,spring
20,80,0,spring
20,81,0,spring
20,82,0,spring
20,83,0,spring
20,84,0,spring
20,85,0,spring
20,86,0,spring
20,87,0,spring
20,88,0,spring
20,89,0,spring
20,90,0,spring
20,91,0,spring
20,92,0,spring
20,93,0,spring
20,94,0,spring
20,95,0,spring
20,96,0,spring
20,97,0,spring
20,98,0,spring
20,99,0,spring
20,100,0,spring
20,101,0,spring
20,102,0,spring
20,103,0,spring
20,104,0,spring
20,105,0,spring
20,106,0,spring
20,107,0,spring
20,108,0,spring
20,109,0,spring
20,110,0,spring
20,111,0,spring
21,1,0,spring
21,2,0,spring
21,3,0,spring
21,4,0,spring
21,5,41,spring
21,6,0,spring
21,7,0,spring
21,8,0,spring
21,9,0,spring
21,10,0,spring
21,11,0,spring
21,12,0,spring
21,13,0,spring
21,14,0,spring
21,15,0,spring
21,16,0,spring
21,17,0,spring
21,18,0,spring
21,19,0,spring
21,20,0,spring
21,21,0,spring
21,22,0,spring
21,23,0,spring
21,24,0,spring
21,25,0,spring
21,26,0,spring
21,27,0,spring
21,28,0,spring
21,29,0,spring
21,30,0,spring
21,31,0,spring
21,32,0,spring
21,33,0,spring
21,34,0,spring
21,35,0,spring
21,36,0,spring
21,37,0,spring
21,38,0,spring
21,39,0,spring
21,40,0,spring
21,41,0,spring
21,42,0,spring
21,43,0,spring
21,44,69,spring
21,45,0,spring
21,46,0,spring
21,47,0,spring
21,48,0,spring
21,49,0,spring
21,50,0,spring
21,51,0,spring
21,52,0,spring
21,53,0,spring
21,54,0,spring
21,55,0,spring
21,56,0,spring
21,57,0,spring
21,58,0,spring
21,59,0,spring
21,60,0,spring
21,61,0,spring
21,62,0,spring
21,63,0,spring
21,64,0,spring
21,65,0,spring
21,66,0,spring
21,67,0,spring
21,68,0,spring
21,69,0,spring
21,70,0,spring
21,71,0,spring
21,72,0,spring
21,73,0,spring
21,74,0,spring
21,75,0,spring
21,76,0,spring
21,77,0,spring
21,78,0,spring
21,79,0,spring
21,80,0,spring
21,81,0,spring
21,82,0,spring
21,83,0,spring
21,84,0,spring
21,85,0,spring
21,86,0,spring
21,87,0,spring
21,88,0,spring
21,89,0,spring
21,90,0,spring
21,91,7,spring
21,92,0,spring
21,93,0,spring
21,94,0,spring
21,95,0,spring
21,96,0,spring
21,97,0,spring
21,98,0,spring
21,99,0,spring
21,100,0,spring
21,101,0,spring
21,102,0,spring
21,103,0,spring
21,104,0,spring
21,105,0,spring
21,106,0,spring
21,107,0,spring
21,108,0,spring
21,109,0,spring
21,110,0,spring
21,111,0,spring
22,1,0,spring
22,2,0,spring
22,3,0,spring
22,4,0,spring
22,5,0,spring
22,6,0,spring
22,7,0,spring
22,8,0,spring
22,9,28,spring
22,10,0,spring
22,11,0,spring
22,12,0,spring
22,13,0,spring
22,14,0,spring
22,15,0,spring
22,16,0,spring
22,17,0,spring
22,18,0,spring
22,19,0,spring
22,20,0,spring
22,21,0,spring
22,22,0,spring
22,23,0,spring
22,24,0,spring
22,25,0,spring
22,26,0,spring
22,27,0,spring
22,28,0,spring
22,29,0,spring
22,30,0,spring
22,31,0,spring
22,32,0,spring
22,33,0,spring
22,34,0,spring
22,35,0,spring
22,36,0,spring
22,37,0,spring
22,38,0,spring
22,39,0,spring
22,40,0,spring
22,41,0,spring
22,42,0,spring
22,43,0,spring
22,44,0,spring
22,45,0,spring
22,46,0,spring
22,47,0,spring
22,48,0,spring
22,49,0,spring
22,50,0,spring
22,51,0,spring
22,52,0,spring
22,53,0,spring
22,54,0,spring
22,55,0,spring
22,56,0,spring
22,57,0,spring
22,58,0,spring
22,59,0,spring
22,60,0,spring
22,61,0,spring
22,62,0,spring
22,63,0,spring
22,64,0,spring
22,65,0,spring
22,66,0,spring
22,67,0,spring
22,68,66,spring
22,69,0,spring
22,70,0,spring
22,71,0,spring
22,72,0,spring
22,73,0,spring
22,74,0,spring
22,75,0,spring
22,76,0,spring
22,77,0,spring
22,78,4,spring
22,79,0,spring
22,80,0,spring
22,81,0,spring
22,82,0,spring
22,83,0,spring
22,84,0,spring
22,85,0,spring
22,86,0,spring
22,87,0,spring
22,88,0,spring
22,89,0,spring
22,90,0,spring
22,91,0,spring
22,92,0,spring
22,93,8,spring
22,94,0,spring
22,95,0,spring
22,96,0,spring
22,97,0,spring
22,98,0,spring
22,99,0,spring
22,100,0,spring
22,101,0,spring
22,102,0,spring
22,103,0,spring
22,104,0,spring
22,105,0,spring
22,106,0,spring
22,107,0,spring
22,108,0,spring
22,109,0,spring
22,110,0,spring
22,111,0,spring
23,1,0,spring
23,2,0,spring
23,3,0,spring
23,4,0,spring
23,5,29,spring
23,6,0,spring
23,7,0,spring
23,8,0,spring
23,9,0,spring
23,10,0,spring
23,11,0,spring
23,12,0,spring
23,13,0,spring
23,14,0,spring
23,15,0,spring
23,16,0,spring
23,17,0,spring
23,18,0,spring
23,19,0,spring
23,20,0,spring
23,21,0,spring
23,22,0,spring
23,23,0,spring
23,24,0,spring
23,25,0,spring
23,26,0,spring
23,27,0,spring
23,28,0,spring
23,29,2,spring
23,30,0,spring
23,31,0,spring
23,32,0,spring
23,33,0,spring
23,34,0,spring
23,35,0,spring
23,36,0,spring
23,37,0,spring
23,38,0,spring
23,39,0,spring
23,40,0,spring
23,41,0,spring
23,42,0,spring
23,43,0,spring
23,44,0,spring
23,45,32,spring
23,46,0,spring
23,47,0,spring
23,48,0,spring
23,49,0,spring
23,50,0,spring
23,51,0,spring
23,52,0,spring
23,53,0,spring
23,54,0,spring
23,55,0,spring
23,56,1,spring
23,57,0,spring
23,58,0,spring
23,59,0,spring
23,60,0,spring
23,61,0,spring
23,62,0,spring
23,63,0,spring
23,64,0,spring
23,65,0,spring
23,66,0,spring
23,67,0,spring
23,68,0,spring
23,69,0,spring
23,70,0,spring
23,71,0,spring
23,72,0,spring
23,73,0,spring
23,74,0,spring
23,75,0,spring
23,76,0,spring
23,77,0,spring
23,78,0,spring
23,79,0,spring
23,80,0,spring
23,81,0,spring
23,82,0,spring
23,83,0,spring
23,84,0,spring
23,85,0,spring
23,86,0,spring
23,87,0,spring
23,88,0,spring
23,89,0,spring
23,90,0,spring
23,91,0,spring
23,92,0,spring
23,93,0,spring
23,94,0,spring
23,95,0,spring
23,96,0,spring
23,97,0,spring
23,98,0,spring
23,99,0,spring
23,100,0,spring
23,101,0,spring
23,102,0,spring
23,103,0,spring
23,104,0,spring
23,105,0,spring
23,106,0,spring
23,107,0,spring
23,108,0,spring
23,109,0,spring
23,110,0,spring
23,111,0,spring
24,1,0,spring
24,2,0,spring
24,3,0,spring
24,4,0,spring
24,5,0,spring
24,6,31,spring
24,7,0,spring
24,8,0,spring
24,9,0,spring
24,10,0,spring
24,11,0,spring
24,12,0,spring
24,13,0,spring
24,14,0,spring
24,15,0,spring
24,16,0,spring
24,17,0,spring
24,18,0,spring
24,19,0,spring
24,20,0,spring
24,21,0,spring
24,22,0,spring
24,23,0,spring
24,24,0,spring
24,25,0,spring
24,26,0,spring
24,27,0,spring
24,28,0,spring
24,29,0,spring
24,30,0,spring
24,31,0,spring
24,32,0,spring
24,33,0,spring
24,34,0,spring
24,35,0,spring
24,36,0,spring
24,37,0,spring
24,38,0,spring
24,39,0,spring
24,40,0,spring
24,41,0,spring
24,42,0,spring
24,43,46,spring
24,44,0,spring
24,45,0,spring
24,46,0,spring
24,47,0,spring
24,48,0,spring
24,49,0,spring
24,50,0,spring
24,51,0,spring
24,52,0,spring
24,53,0,spring
24,54,0,spring
24,55,0,spring
24,56,0,spring
24,57,0,spring
24,58,0,spring
24,59,0,spring
24,60,0,spring
24,61,0,spring
24,62,0,spring
24,63,0,spring
24,64,0,spring
24,65,0,spring
24,66,0,spring
24,67,0,spring
24,68,0,spring
24,69,0,spring
24,70,0,spring
24,71,0,spring
24,72,0,spring
24,73,0,spring
24,74,0,spring
24,75,0,spring
24,76,0,spring
24,77,0,spring
24,78,0,spring
24,79,0,spring
24,80,0,spring
24,81,0,spring
24,82,0,spring
24,83,0,spring
24,84,0,spring
24,85,0,spring
24,86,0,spring
24,87,0,spring
24,88,0,spring
24,89,0,spring
24,90,0,spring
24,91,0,spring
24,92,0,spring
24,93,0,spring
24,94,0,spring
24,95,0,spring
24,96,0,spring
24,97,0,spring
24,98,0,spring
24,99,0,spring
24,100,0,spring
24,101,0,spring
24,102,0,spring
24,103,0,spring
24,104,0,spring
24,105,0,spring
24,106,0,spring
24,107,0,spring
24,108,0,spring
24,109,0,spring
24,110,0,spring
24,111,0,spring
25,1,0,spring
25,2,0,spring
25,3,0,spring
25,4,0,spring
25,5,0,spring
25,6,0,spring
25,7,0,spring
25,8,0,spring
25,9,109,spring
25,10,0,spring
25,11,0,spring
25,12,0,spring
25,13,0,spring
25,14,0,spring
25,15,0,spring
25,16,0,spring
25,17,0,spring
25,18,0,spring
25,19,0,spring
25,20,0,spring
25,21,0,spring
25,22,0,spring
25,23,0,spring
25,24,0,spring
25,25,0,spring
25,26,0,spring
25,27,0,spring
25,28,0,spring
25,29,0,spring
25,30,0,spring
25,31,0,spring
25,32,0,spring
25,33,0,spring
25,34,0,spring
25,35,0,spring
25,36,0,spring
25,37,0,spring
25,38,0,spring
25,39,0,spring
25,40,0,spring
25,41,0,spring
25,42,0,spring
25,43,0,spring
25,44,0,spring
25,45,88,spring
25,46,0,spring
25,47,0,spring
25,48,0,spring
25,49,0,spring
25,50,0,spring
25,51,0,spring
25,52,0,spring
25,53,0,spring
25,54,0,spring
25,55,0,spring
25,56,0,spring
25,57,0,spring
25,58,0,spring
25,59,0,spring
25,60,0,spring
25,61,0,spring
25,62,0,spring
25,63,0,spring
25,64,0,spring
25,65,0,spring
25,66,0,spring
25,67,0,spring
25,68,0,spring
25,69,0,spring
25,70,0,spring
25,71,0,spring
25,72,0,spring
25,73,0,spring
25,74,0,spring
25,75,0,spring
25,76,0,spring
25,77,0,spring
25,78,0,spring
25,79,0,spring
25,80,0,spring
25,81,13,spring
25,82,0,spring
25,83,0,spring
25,84,0,spring
25,85,0,spring
25,86,0,spring
25,87,0,spring
25,88,0,spring
25,89,0,spring
25,90,0,spring
25,91,0,spring
25,92,0,spring
25,93,10,spring
25,94,0,spring
25,95,0,spring
25,96,0,spring
25,97,0,spring
25,98,0,spring
25,99,0,spring
25,100,0,spring
25,101,0,spring
25,102,0,spring
25,103,0,spring
25,104,0,spring
25,105,0,spring
25,106,0,spring
25,107,0,spring
25,108,0,spring
25,109,0,spring
25,110,0,spring
25,111,0,spring
26,1,0,spring
26,2,0,spring
26,3,0,spring
26,4,0,spring
26,5,61,spring
26,6,0,spring
26,7,0,spring
26,8,0,spring
26,9,0,spring
26,10,0,spring
26,11,0,spring
26,12,0,spring
26,13,0,spring
26,14,0,spring
26,15,0,spring
26,16,0,spring
26,17,0,spring
26,18,0,spring
26,19,0,spring
26,20,0,spring
26,21,0,spring
26,22,0,spring
26,23,0,spring
26,24,0,spring
26,25,0,spring
26,26,0,spring
26,27,0,spring
26,28,0,spring
26,29,0,spring
26,30,0,spring
26,31,0,spring
26,32,0,spring
26,33,0,spring
26,34,0,spring
26,35,0,spring
26,36,0,spring
26,37,0,spring
26,38,0,spring
26,39,0,spring
26,40,0,spring
26,41,0,spring
26,42,0,spring
26,43,0,spring
26,44,0,spring
26,45,49,spring
26,46,0,spring
26,47,0,spring
26,48,0,spring
26,49,0,spring
26,50,0,spring
26,51,0,spring
26,52,0,spring
26,53,0,spring
26,54,0,spring
26,55,0,spring
26,56,0,spring
26,57,0,spring
26,58,0,spring
26,59,0,spring
26,60,0,spring
26,61,0,spring
26,62,0,spring
26,63,0,spring
26,64,0,spring
26,65,0,spring
26,66,0,spring
26,67,0,spring
26,68,0,spring
26,69,0,spring
26,70,0,spring
26,71,0,spring
26,72,0,spring
26,73,0,spring
26,74,0,spring
26,75,0,spring
26,76,0,spring
26,77,0,spring
26,78,0,spring
26,79,0,spring
26,80,0,spring
26,81,0,spring
26,82,0,spring
26,83,0,spring
26,84,0,spring
26,85,0,spring
26,86,0,spring
26,87,0,spring
26,88,0,spring
26,89,0,spring
26,90,0,spring
26,91,0,spring
26,92,0,spring
26,93,0,spring
26,94,0,spring
26,95,0,spring
26,96,0,spring
26,97,0,spring
26,98,0,spring
26,99,0,spring
26,100,0,spring
26,101,0,spring
26,102,0,spring
26,103,0,spring
26,104,0,spring
26,105,0,spring
26,106,0,spring
26,107,0,spring
26,108,0,spring
26,109,0,spring
26,110,0,spring
26,111,0,spring
27,1,0,spring
27,2,0,spring
27,3,0,spring
27,4,0,spring
27,5,0,spring
27,6,0,spring
27,7,0,spring
27,8,0,spring
27,9,46,spring
27,10,0,spring
27,11,0,spring
27,12,0,spring
27,13,0,spring
27,14,0,spring
27,15,0,spring
27,16,0,spring
27,17,0,spring
27,18,0,spring
27,19,0,spring
27,20,0,spring
27,21,3,spring
27,22,0,spring
27,23,0,spring
27,24,0,spring
27,25,0,spring
27,26,0,spring
27,27,0,spring
27,28,0,spring
27,29,0,spring
27,30,0,spring
27,31,0,spring
27,32,0,spring
27,33,0,spring
27,34,0,spring
27,35,0,spring
27,36,0,spring
27,37,0,spring
27,38,0,spring
27,39,0,spring
27,40,0,spring
27,41,0,spring
27,42,0,spring
27,43,0,spring
27,44,0,spring
27,45,0,spring
27,46,0,spring
27,47,0,spring
27,48,0,spring
27,49,0,spring
27,50,0,spring
27,51,0,spring
27,52,0,spring
27,53,0,spring
27,54,0,spring
27,55,0,spring
27,56,0,spring
27,57,0,spring
27,58,0,spring
27,59,0,spring
27,60,0,spring
27,61,0,spring
27,62,0,spring
27,63,0,spring
27,64,0,spring
27,65,0,spring
27,66,0,spring
27,67,0,spring
27,68,48,spring
27,69,0,spring
27,70,0,spring
27,71,0,spring
27,72,0,spring
27,73,0,spring
27,74,0,spring
27,75,0,spring
27,76,0,spring
27,77,0,spring
27,78,0,spring
27,79,0,spring
27,80,1,spring
27,81,0,spring
27,82,0,spring
27,83,0,spring
27,84,0,spring
27,85,0,spring
27,86,0,spring
27,87,0,spring
27,88,0,spring
27,89,0,spring
27,90,0,spring
27,91,0,spring
27,92,0,spring
27,93,0,spring
27,94,0,spring
27,95,0,spring
27,96,0,spring
27,97,0,spring
27,98,0,spring
27,99,0,spring
27,100,0,spring
27,101,0,spring
27,102,0,spring
27,103,0,spring
27,104,0,spring
27,105,0,spring
27,106,0,spring
27,107,0,spring
27,108,0,spring
27,109,0,spring
27,110,0,spring
27,111,0,spring
28,1,0,spring
28,2,0,spring
28,3,0,spring
28,4,0,spring
28,5,28,spring
28,6,0,spring
28,7,0,spring
28,8,0,spring
28,9,0,spring
28,10,0,spring
28,11,0,spring
28,12,0,spring
28,13,0,spring
28,14,0,spring
28,15,0,spring
28,16,0,spring
28,17,0,spring
28,18,0,spring
28,19,0,spring
28,20,0,spring
28,21,0,spring
28,22,0,spring
28,23,0,spring
28,24,0,spring
28,25,0,spring
28,26,0,spring
28,27,0,spring
28,28,0,spring
28,29,0,spring
28,30,0,spring
28,31,0,spring
28,32,0,spring
28,33,0,spring
28,34,0,spring
28,35,3,spring
28,36,0,spring
28,37,0,spring
28,38,0,spring
28,39,0,spring
28,40,0,spring
28,41,0,spring
28,42,0,spring
28,43,0,spring
28,44,0,spring
28,45,48,spring
28,46,0,spring
28,47,0,spring
28,48,0,spring
28,49,0,spring
28,50,0,spring
28,51,0,spring
28,52,0,spring
28,53,0,spring
28,54,0,spring
28,55,0,spring
28,56,0,spring
28,57,0,spring
28,58,0,spring
28,59,0,spring
28,60,0,spring
28,61,0,spring
28,62,0,spring
28,63,0,spring
28,64,0,spring
28,65,0,spring
28,66,0,spring
28,67,0,spring
28,68,0,spring
28,69,0,spring
28,70,0,spring
28,71,0,spring
28,72,0,spring
28,73,0,spring
28,74,0,spring
28,75,0,spring
28,76,0,spring
28,77,0,spring
28,78,0,spring
28,79,0,spring
28,80,0,spring
28,81,0,spring
28,82,0,spring
28,83,0,spring
28,84,0,spring
28,85,0,spring
28,86,0,spring
28,87,0,spring
28,88,0,spring
28,89,0,spring
28,90,0,spring
28,91,0,spring
28,92,0,spring
28,93,0,spring
28,94,0,spring
28,95,0,spring
28,96,0,spring
28,97,0,spring
28,98,0,spring
28,99,0,spring
28,100,0,spring
28,101,0,spring
28,102,0,spring
28,103,0,spring
28,104,0,spring
28,105,0,spring
28,106,0,spring
28,107,0,spring
28,108,0,spring
28,109,0,spring
28,110,0,spring
28,111,0,spring
29,1,0,spring
29,2,0,spring
29,3,0,spring
29,4,0,spring
29,5,0,spring
29,6,0,spring
29,7,0,spring
29,8,61,spring
29,9,0,spring
29,10,0,spring
29,11,0,spring
29,12,0,spring
29,13,0,spring
29,14,0,spring
29,15,0,spring
29,16,0,spring
29,17,0,spring
29,18,0,spring
29,19,0,spring
29,20,0,spring
29,21,0,spring
29,22,0,spring
29,23,0,spring
29,24,0,spring
29,25,0,spring
29,26,0,spring
29,27,0,spring
29,28,0,spring
29,29,0,spring
29,30,0,spring
29,31,0,spring
29,32,0,spring
29,33,0,spring
29,34,0,spring
29,35,0,spring
29,36,0,spring
29,37,0,spring
29,38,0,spring
29,39,0,spring
29,40,0,spring
29,41,20,spring
29,42,0,spring
29,43,0,spring
29,44,0,spring
29,45,61,spring
29,46,0,spring
29,47,0,spring
29,48,0,spring
29,49,0,spring
29,50,0,spring
29,51,0,spring
29,52,0,spring
29,53,0,spring
29,54,0,spring
29,55,0,spring
29,56,0,spring
29,57,0,spring
29,58,0,spring
29,59,0,spring
29,60,0,spring
29,61,0,spring
29,62,0,spring
29,63,0,spring
29,64,0,spring
29,65,0,spring
29,66,0,spring
29,67,0,spring
29,68,0,spring
29,69,0,spring
29,70,0,spring
29,71,0,spring
29,72,0,spring
29,73,0,spring
29,74,0,spring
29,75,0,spring
29,76,0,spring
29,77,0,spring
29,78,0,spring
29,79,0,spring
29,80,0,spring
29,81,0,spring
29,82,0,spring
29,83,0,spring
29,84,0,spring
29,85,0,spring
29,86,0,spring
29,87,0,spring
29,88,0,spring
29,89,0,spring
29,90,0,spring
29,91,0,spring
29,92,0,spring
29,93,0,spring
29,94,0,spring
29,95,0,spring
29,96,0,spring
29,97,0,spring
29,98,0,spring
29,99,0,spring
29,100,0,spring
29,101,0,spring
29,102,0,spring
29,103,0,spring
29,104,0,spring
29,105,0,spring
29,106,0,spring
29,107,0,spring
29,108,0,spring
29,109,0,spring
29,110,0,spring
29,111,0,spring
30,1,0,spring
30,2,0,spring
30,3,0,spring
30,4,0,spring
30,5,0,spring
30,6,0,spring
30,7,0,spring
30,8,0,spring
30,9,0,spring
30,10,0,spring
30,11,0,spring
30,12,0,spring
30,13,2,spring
30,14,0,spring
30,15,0,spring
30,16,61,spring
30,17,0,spring
30,18,0,spring
30,19,0,spring
30,20,0,spring
30,21,0,spring
30,22,0,spring
30,23,0,spring
30,24,0,spring
30,25,0,spring
30,26,0,spring
30,27,0,spring
30,28,0,spring
30,29,0,spring
30,30,0,spring
30,31,0,spring
30,32,0,spring
30,33,0,spring
30,34,0,spring
30,35,0,spring
30,36,0,spring
30,37,0,spring
30,38,0,spring
30,39,0,spring
30,40,0,spring
30,41,0,spring
30,42,0,spring
30,43,0,spring
30,44,190,spring
30,45,0,spring
30,46,0,spring
30,47,0,spring
30,48,0,spring
30,49,0,spring
30,50,0,spring
30,51,0,spring
30,52,0,spring
30,53,0,spring
30,54,0,spring
30,55,0,spring
30,56,0,spring
30,57,0,spring
30,58,0,spring
30,59,0,spring
30,60,0,spring
30,61,0,spring
30,62,0,spring
30,63,0,spring
30,64,0,spring
30,65,0,spring
30,66,0,spring
30,67,0,spring
30,68,0,spring
30,69,0,spring
30,70,0,spring
30,71,0,spring
30,72,0,spring
30,73,0,spring
30,74,0,spring
30,75,0,spring
30,76,0,spring
30,77,0,spring
30,78,0,spring
30,79,0,spring
30,80,0,spring
30,81,0,spring
30,82,0,spring
30,83,0,spring
30,84,0,spring
30,85,0,spring
30,86,0,spring
30,87,0,spring
30,88,0,spring
30,89,0,spring
30,90,0,spring
30,91,0,spring
30,92,0,spring
30,93,0,spring
30,94,0,spring
30,95,0,spring
30,96,0,spring
30,97,0,spring
30,98,0,spring
30,99,0,spring
30,100,0,spring
30,101,0,spring
30,102,0,spring
30,103,0,spring
30,104,0,spring
30,105,0,spring
30,106,0,spring
30,107,0,spring
30,108,0,spring
30,109,0,spring
30,110,0,spring
30,111,0,spring
31,1,0,spring
31,2,0,spring
31,3,0,spring
31,4,0,spring
31,5,0,spring
31,6,0,spring
31,7,0,spring
31,8,0,spring
31,9,37,spring
31,10,0,spring
31,11,0,spring
31,12,0,spring
31,13,0,spring
31,14,0,spring
31,15,0,spring
31,16,0,spring
31,17,0,spring
31,18,0,spring
31,19,0,spring
31,20,0,spring
31,21,0,spring
31,22,0,spring
31,23,0,spring
31,24,0,spring
31,25,0,spring
31,26,0,spring
31,27,0,spring
31,28,0,spring
31,29,0,spring
31,30,0,spring
31,31,0,spring
31,32,0,spring
31,33,0,spring
31,34,0,spring
31,35,0,spring
31,36,0,spring
31,37,0,spring
31,38,0,spring
31,39,0,spring
31,40,0,spring
31,41,0,spring
31,42,0,spring
31,43,0,spring
31,44,0,spring
31,45,73,spring
31,46,0,spring
31,47,0,spring
31,48,0,spring
31,49,0,spring
31,50,0,spring
31,51,0,spring
31,52,0,spring
31,53,0,spring
31,54,0,spring
31,55,0,spring
31,56,0,spring
31,57,0,spring
31,58,0,spring
31,59,0,spring
31,60,0,spring
31,61,0,spring
31,62,0,spring
31,63,0,spring
31,64,0,spring
31,65,0,spring
31,66,0,spring
31,67,6,spring
31,68,0,spring
31,69,0,spring
31,70,0,spring
31,71,0,spring
31,72,0,spring
31,73,0,spring
31,74,0,spring
31,75,0,spring
31,76,0,spring
31,77,0,spring
31,78,0,spring
31,79,0,spring
31,80,0,spring
31,81,0,spring
31,82,0,spring
31,83,0,spring
31,84,0,spring
31,85,0,spring
31,86,0,spring
31,87,0,spring
31,88,0,spring
31,89,0,spring
31,90,0,spring
31,91,0,spring
31,92,0,spring
31,93,11,spring
31,94,0,spring
31,95,0,spring
31,96,0,spring
31,97,0,spring
31,98,0,spring
31,99,0,spring
31,100,0,spring
31,101,0,spring
31,102,0,spring
31,103,0,spring
31,104,0,spring
31,105,0,spring
31,106,0,spring
31,107,0,spring
31,108,0,spring
31,109,0,spring
31,110,0,spring
31,111,0,spring
32,1,0,spring
32,2,0,spring
32,3,0,spring
32,4,0,spring
32,5,0,spring
32,6,0,spring
32,7,0,spring
32,8,0,spring
32,9,16,spring
32,10,0,spring
32,11,0,spring
32,12,0,spring
32,13,0,spring
32,14,0,spring
32,15,0,spring
32,16,0,spring
32,17,0,spring
32,18,0,spring
32,19,0,spring
32,20,0,spring
32,21,0,spring
32,22,0,spring
32,23,0,spring
32,24,0,spring
32,25,0,spring
32,26,0,spring
32,27,0,spring
32,28,0,spring
32,29,0,spring
32,30,0,spring
32,31,0,spring
32,32,0,spring
32,33,0,spring
32,34,0,spring
32,35,0,spring
32,36,0,spring
32,37,0,spring
32,38,0,spring
32,39,0,spring
32,40,0,spring
32,41,0,spring
32,42,0,spring
32,43,0,spring
32,44,0,spring
32,45,31,spring
32,46,0,spring
32,47,0,spring
32,48,0,spring
32,49,0,spring
32,50,0,spring
32,51,0,spring
32,52,0,spring
32,53,0,spring
32,54,0,spring
32,55,0,spring
32,56,0,spring
32,57,0,spring
32,58,3,spring
32,59,0,spring
32,60,0,spring
32,61,0,spring
32,62,0,spring
32,63,0,spring
32,64,0,spring
32,65,0,spring
32,66,0,spring
32,67,0,spring
32,68,0,spring
32,69,0,spring
32,70,0,spring
32,71,0,spring
32,72,0,spring
32,73,0,spring
32,74,0,spring
32,75,0,spring
32,76,0,spring
32,77,0,spring
32,78,0,spring
32,79,0,spring
32,80,0,spring
32,81,0,spring
32,82,0,spring
32,83,0,spring
32,84,0,spring
32,85,0,spring
32,86,1,spring
32,87,0,spring
32,88,0,spring
32,89,0,spring
32,90,0,spring
32,91,0,spring
32,92,0,spring
32,93,23,spring
32,94,0,spring
32,95,0,spring
32,96,0,spring
32,97,0,spring
32,98,0,spring
32,99,0,spring
32,100,0,spring
32,101,0,spring
32,102,0,spring
32,103,0,spring
32,104,0,spring
32,105,0,spring
32,106,0,spring
32,107,0,spring
32,108,0,spring
32,109,0,spring
32,110,0,spring
32,111,0,spring
33,1,0,spring
33,2,0,spring
33,3,0,spring
33,4,0,spring
33,5,0,spring
33,6,0,spring
33,7,0,spring
33,8,0,spring
33,9,76,spring
33,10,0,spring
33,11,0,spring
33,12,0,spring
33,13,0,spring
33,14,0,spring
33,15,0,spring
33,16,0,spring
33,17,0,spring
33,18,0,spring
33,19,0,spring
33,20,0,spring
33,21,0,spring
33,22,0,spring
33,23,0,spring
33,24,0,spring
33,25,0,spring
33,26,0,spring
33,27,0,spring
33,28,0,spring
33,29,0,spring
33,30,0,spring
33,31,0,spring
33,32,0,spring
33,33,0,spring
33,34,0,spring
33,35,0,spring
33,36,0,spring
33,37,0,spring
33,38,0,spring
33,39,0,spring
33,40,0,spring
33,41,0,spring
33,42,0,spring
33,43,0,spring
33,44,188,spring
33,45,0,spring
33,46,0,spring
33,47,0,spring
33,48,0,spring
33,49,0,spring
33,50,0,spring
33,51,0,spring
33,52,0,spring
33,53,0,spring
33,54,0,spring
33,55,0,spring
33,56,0,spring
33,57,0,spring
33,58,0,spring
33,59,0,spring
33,60,0,spring
33,61,0,spring
33,62,0,spring
33,63,0,spring
33,64,0,spring
33,65,0,spring
33,66,0,spring
33,67,0,spring
33,68,0,spring
33,69,0,spring
33,70,0,spring
33,71,0,spring
33,72,0,spring
33,73,0,spring
33,74,0,spring
33,75,0,spring
33,76,0,spring
33,77,0,spring
33,78,0,spring
33,79,0,spring
33,80,0,spring
33,81,0,spring
33,82,0,spring
33,83,0,spring
33,84,0,spring
33,85,0,spring
33,86,0,spring
33,87,0,spring
33,88,0,spring
33,89,0,spring
33,90,0,spring
33,91,0,spring
33,92,3,spring
33,93,7,spring
33,94,0,spring
33,95,0,spring
33,96,0,spring
33,97,0,spring
33,98,0,spring
33,99,0,spring
33,100,0,spring
33,101,0,spring
33,102,0,spring
33,103,0,spring
33,104,0,spring
33,105,0,spring
33,106,0,spring
33,107,0,spring
33,108,0,spring
33,109,0,spring
33,110,0,spring
33,111,0,spring
34,1,0,spring
34,2,0,spring
34,3,0,spring
34,4,0,spring
34,5,0,spring
34,6,0,spring
34,7,0,spring
34,8,0,spring
34,9,62,spring
34,10,0,spring
34,11,0,spring
34,12,0,spring
34,13,0,spring
34,14,0,spring
34,15,0,spring
34,16,0,spring
34,17,0,spring
34,18,0,spring
34,19,0,spring
34,20,0,spring
34,21,0,spring
34,22,0,spring
34,23,0,spring
34,24,0,spring
34,25,0,spring
34,26,0,spring
34,27,0,spring
34,28,0,spring
34,29,0,spring
34,30,0,spring
34,31,0,spring
34,32,0,spring
34,33,0,spring
34,34,0,spring
34,35,0,spring
34,36,0,spring
34,37,0,spring
34,38,0,spring
34,39,0,spring
34,40,0,spring
34,41,0,spring
34,42,0,spring
34,43,0,spring
34,44,0,spring
34,45,110,spring
34,46,0,spring
34,47,0,spring
34,48,0,spring
34,49,0,spring
34,50,0,spring
34,51,0,spring
34,52,2,spring
34,53,0,spring
34,54,0,spring
34,55,0,spring
34,56,0,spring
34,57,0,spring
34,58,0,spring
34,59,0,spring
34,60,0,spring
34,61,0,spring
34,62,0,spring
34,63,0,spring
34,64,0,spring
34,65,0,spring
34,66,0,spring
34,67,0,spring
34,68,0,spring
34,69,0,spring
34,70,0,spring
34,71,0,spring
34,72,0,spring
34,73,0,spring
34,74,0,spring
34,75,0,spring
34,76,0,spring
34,77,0,spring
34,78,0,spring
34,79,0,spring
34,80,0,spring
34,81,0,spring
34,82,0,spring
34,83,0,spring
34,84,0,spring
34,85,0,spring
34,86,0,spring
34,87,0,spring
34,88,0,spring
34,89,0,spring
34,90,0,spring
34,91,0,spring
34,92,0,spring
34,93,5,spring
34,94,0,spring
34,95,0,spring
34,96,0,spring
34,97,0,spring
34,98,0,spring
34,99,0,spring
34,100,0,spring
34,101,0,spring
34,102,0,spring
34,103,0,spring
34,104,0,spring
34,105,0,spring
34,106,0,spring
34,107,0,spring
34,108,0,spring
34,109,0,spring
34,110,0,spring
34,111,0,spring
36,1,2,spring
36,2,0,spring
36,3,0,spring
36,4,0,spring
36,5,0,spring
36,6,0,spring
36,7,0,spring
36,8,0,spring
36,9,39,spring
36,10,0,spring
36,11,0,spring
36,12,0,spring
36,13,0,spring
36,14,0,spring
36,15,0,spring
36,16,0,spring
36,17,0,spring
36,18,0,spring
36,19,0,spring
36,20,0,spring
36,21,0,spring
36,22,0,spring
36,23,0,spring
36,24,0,spring
36,25,0,spring
36,26,0,spring
36,27,0,spring
36,28,0,spring
36,29,0,spring
36,30,1,spring
36,31,0,spring
36,32,0,spring
36,33,0,spring
36,34,0,spring
36,35,0,spring
36,36,0,spring
36,37,0,spring
36,38,0,spring
36,39,0,spring
36,40,0,spring
36,41,0,spring
36,42,0,spring
36,43,0,spring
36,44,111,spring
36,45,0,spring
36,46,0,spring
36,47,0,spring
36,48,0,spring
36,49,0,spring
36,50,0,spring
36,51,0,spring
36,52,0,spring
36,53,0,spring
36,54,0,spring
36,55,0,spring
36,56,0,spring
36,57,0,spring
36,58,0,spring
36,59,0,spring
36,60,0,spring
36,61,0,spring
36,62,0,spring
36,63,0,spring
36,64,0,spring
36,65,0,spring
36,66,0,spring
36,67,0,spring
36,68,0,spring
36,69,0,spring
36,70,0,spring
36,71,0,spring
36,72,0,spring
36,73,0,spring
36,74,0,spring
36,75,0,spring
36,76,0,spring
36,77,0,spring
36,78,0,spring
36,79,0,spring
36,80,0,spring
36,81,0,spring
36,82,0,spring
36,83,0,spring
36,84,0,spring
36,85,0,spring
36,86,0,spring
36,87,0,spring
36,88,0,spring
36,89,0,spring
36,90,0,spring
36,91,0,spring
36,92,0,spring
36,93,0,spring
36,94,0,spring
36,95,0,spring
36,96,0,spring
36,97,0,spring
36,98,0,spring
36,99,0,spring
36,100,0,spring
36,101,0,spring
36,102,0,spring
36,103,0,spring
36,104,0,spring
36,105,0,spring
36,106,0,spring
36,107,0,spring
36,108,0,spring
36,109,0,spring
36,110,0,spring
36,111,0,spring
37,1,0,spring
37,2,0,spring
37,3,0,spring
37,4,0,spring
37,5,43,spring
37,6,0,spring
37,7,0,spring
37,8,0,spring
37,9,0,spring
37,10,0,spring
37,11,0,spring
37,12,0,spring
37,13,0,spring
37,14,0,spring
37,15,0,spring
37,16,0,spring
37,17,0,spring
37,18,0,spring
37,19,0,spring
37,20,0,spring
37,21,0,spring
37,22,0,spring
37,23,0,spring
37,24,0,spring
37,25,0,spring
37,26,0,spring
37,27,0,spring
37,28,0,spring
37,29,0,spring
37,30,0,spring
37,31,0,spring
37,32,0,spring
37,33,0,spring
37,34,0,spring
37,35,0,spring
37,36,0,spring
37,37,0,spring
37,38,0,spring
37,39,0,spring
37,40,0,spring
37,41,0,spring
37,42,0,spring
37,43,0,spring
37,44,0,spring
37,45,52,spring
37,46,0,spring
37,47,0,spring
37,48,0,spring
37,49,0,spring
37,50,0,spring
37,51,0,spring
37,52,0,spring
37,53,1,spring
37,54,0,spring
37,55,0,spring
37,56,0,spring
37,57,0,spring
37,58,0,spring
37,59,0,spring
37,60,0,spring
37,61,0,spring
37,62,0,spring
37,63,0,spring
37,64,0,spring
37,65,0,spring
37,66,0,spring
37,67,0,spring
37,68,0,spring
37,69,0,spring
37,70,0,spring
37,71,0,spring
37,72,0,spring
37,73,0,spring
37,74,0,spring
37,75,0,spring
37,76,0,spring
37,77,0,spring
37,78,0,spring
37,79,0,spring
37,80,0,spring
37,81,0,spring
37,82,0,spring
37,83,0,spring
37,84,0,spring
37,85,0,spring
37,86,0,spring
37,87,0,spring
37,88,0,spring
37,89,0,spring
37,90,0,spring
37,91,0,spring
37,92,0,spring
37,93,0,spring
37,94,0,spring
37,95,0,spring
37,96,0,spring
37,97,0,spring
37,98,0,spring
18,1,0,summer
18,2,0,summer
18,3,0,summer
18,4,0,summer
18,5,38,summer
18,6,0,summer
18,7,0,summer
18,8,0,summer
18,9,0,summer
18,10,0,summer
18,11,0,summer
18,12,0,summer
18,13,0,summer
18,14,0,summer
18,15,0,summer
18,16,0,summer
18,17,0,summer
18,18,0,summer
18,19,0,summer
18,20,0,summer
18,21,0,summer
18,22,0,summer
18,23,0,summer
18,24,0,summer
18,25,0,summer
18,26,0,summer
18,27,0,summer
18,28,0,summer
18,29,0,summer
18,30,0,summer
18,31,0,summer
18,32,0,summer
18,33,0,summer
18,34,0,summer
18,35,0,summer
18,36,0,summer
18,37,15,summer
18,38,0,summer
18,39,0,summer
18,40,0,summer
18,41,0,summer
18,42,0,summer
18,43,0,summer
18,44,0,summer
18,45,0,summer
18,46,0,summer
18,47,0,summer
18,48,0,summer
18,49,0,summer
18,50,0,summer
18,51,0,summer
18,52,0,summer
18,53,0,summer
18,54,0,summer
18,55,0,summer
18,56,0,summer
18,57,2,summer
18,58,0,summer
18,59,0,summer
18,60,0,summer
18,61,0,summer
18,62,0,summer
18,63,0,summer
18,64,0,summer
18,65,0,summer
18,66,0,summer
18,67,0,summer
18,68,0,summer
18,69,0,summer
18,70,0,summer
18,71,0,summer
18,72,0,summer
18,73,0,summer
18,74,0,summer
18,75,0,summer
18,76,0,summer
18,77,0,summer
18,78,0,summer
18,79,0,summer
18,80,0,summer
18,81,0,summer
18,82,0,summer
18,83,0,summer
18,84,0,summer
18,85,0,summer
18,86,0,summer
18,87,0,summer
18,88,0,summer
18,89,0,summer
18,90,0,summer
18,91,0,summer
18,92,0,summer
18,93,0,summer
18,94,0,summer
18,95,0,summer
18,96,0,summer
18,97,0,summer
18,98,0,summer
18,99,0,summer
18,100,0,summer
18,101,0,summer
18,102,0,summer
18,103,0,summer
18,104,0,summer
18,105,0,summer
18,106,0,summer
18,107,0,summer
18,108,0,summer
18,109,0,summer
18,110,0,summer
18,111,0,summer
19,1,0,summer
19,2,0,summer
19,3,0,summer
19,4,0,summer
19,5,0,summer
19,6,0,summer
19,7,0,summer
19,8,0,summer
19,9,0,summer
19,10,0,summer
19,11,0,summer
19,12,0,summer
19,13,0,summer
19,14,0,summer
19,15,0,summer
19,16,20,summer
19,17,0,summer
19,18,0,summer
19,19,0,summer
19,20,0,summer
19,21,0,summer
19,22,0,summer
19,23,0,summer
19,24,0,summer
19,25,0,summer
19,26,0,summer
19,27,0,summer
19,28,0,summer
19,29,0,summer
19,30,0,summer
19,31,0,summer
19,32,0,summer
19,33,0,summer
19,34,0,summer
19,35,0,summer
19,36,0,summer
19,37,0,summer
19,38,0,summer
19,39,0,summer
19,40,0,summer
19,41,0,summer
19,42,0,summer
19,43,0,summer
19,44,0,summer
19,45,0,summer
19,46,0,summer
19,47,0,summer
19,48,0,summer
19,49,0,summer
19,50,0,summer
19,51,0,summer
19,52,0,summer
19,53,0,summer
19,54,0,summer
19,55,0,summer
19,56,0,summer
19,57,0,summer
19,58,0,summer
19,59,0,summer
19,60,0,summer
19,61,0,summer
19,62,0,summer
19,63,0,summer
19,64,0,summer
19,65,0,summer
19,66,0,summer
19,67,0,summer
19,68,0,summer
19,69,0,summer
19,70,0,summer
19,71,0,summer
19,72,0,summer
19,73,0,summer
19,74,0,summer
19,75,0,summer
19,76,0,summer
19,77,0,summer
19,78,0,summer
19,79,0,summer
19,80,0,summer
19,81,0,summer
19,82,0,summer
19,83,11,summer
19,84,0,summer
19,85,0,summer
19,86,0,summer
19,87,0,summer
19,88,0,summer
19,89,0,summer
19,90,0,summer
19,91,0,summer
19,92,0,summer
19,93,3,summer
19,94,0,summer
19,95,0,summer
19,96,0,summer
19,97,0,summer
19,98,0,summer
19,99,0,summer
19,100,0,summer
19,101,0,summer
19,102,0,summer
19,103,0,summer
19,104,0,summer
19,105,0,summer
19,106,0,summer
19,107,0,summer
19,108,0,summer
19,109,0,summer
19,110,0,summer
19,111,0,summer
20,1,0,summer
20,2,0,summer
20,3,0,summer
20,4,0,summer
20,5,140,summer
20,6,0,summer
20,7,0,summer
20,8,0,summer
20,9,0,summer
20,10,0,summer
20,11,0,summer
20,12,0,summer
20,13,0,summer
20,14,0,summer
20,15,0,summer
20,16,0,summer
20,17,0,summer
20,18,1,summer
20,19,0,summer
20,20,0,summer
20,21,0,summer
20,22,0,summer
20,23,0,summer
20,24,0,summer
20,25,0,summer
20,26,0,summer
20,27,0,summer
20,28,0,summer
20,29,0,summer
20,30,0,summer
20,31,0,summer
20,32,0,summer
20,33,0,summer
20,34,0,summer
20,35,0,summer
20,36,0,summer
20,37,0,summer
20,38,0,summer
20,39,0,summer
20,40,0,summer
20,41,31,summer
20,91,0,summer
20,92,0,summer
20,93,1,summer
20,94,0,summer
20,95,0,summer
20,96,0,summer
20,97,0,summer
20,98,0,summer
20,99,0,summer
20,100,0,summer
20,101,0,summer
20,102,0,summer
20,103,0,summer
20,104,0,summer
20,105,0,summer
20,106,0,summer
20,107,0,summer
20,108,0,summer
20,109,0,summer
20,110,0,summer
20,111,0,summer
21,1,0,summer
21,2,0,summer
21,3,0,summer
21,4,0,summer
21,5,50,summer
21,6,0,summer
21,7,0,summer
21,8,0,summer
21,9,0,summer
21,10,0,summer
21,11,0,summer
21,12,0,summer
21,13,0,summer
21,14,0,summer
21,15,0,summer
21,16,0,summer
21,17,0,summer
21,18,0,summer
21,19,0,summer
21,20,0,summer
21,21,0,summer
21,22,0,summer
21,23,0,summer
21,24,0,summer
21,25,0,summer
21,26,0,summer
21,27,0,summer
21,28,0,summer
21,29,0,summer
21,30,0,summer
21,31,0,summer
21,32,0,summer
21,33,0,summer
21,34,0,summer
21,35,0,summer
21,36,0,summer
21,37,0,summer
21,38,0,summer
21,39,0,summer
21,40,0,summer
21,41,0,summer
21,42,0,summer
21,43,0,summer
21,44,93,summer
21,45,0,summer
21,46,0,summer
21,47,0,summer
21,48,0,summer
21,49,0,summer
21,50,0,summer
21,51,0,summer
21,52,0,summer
21,53,0,summer
21,54,0,summer
21,55,0,summer
21,56,0,summer
21,57,0,summer
21,58,0,summer
21,59,0,summer
21,60,0,summer
21,61,0,summer
21,62,0,summer
21,63,0,summer
21,64,0,summer
21,65,0,summer
21,66,0,summer
21,67,0,summer
21,68,0,summer
21,69,0,summer
21,70,0,summer
21,71,0,summer
21,72,0,summer
21,73,0,summer
21,74,0,summer
21,75,0,summer
21,76,0,summer
21,77,0,summer
21,78,0,summer
21,79,0,summer
21,80,0,summer
21,81,0,summer
21,82,0,summer
21,83,0,summer
21,84,0,summer
21,85,0,summer
21,86,0,summer
21,87,0,summer
21,88,0,summer
21,89,0,summer
21,90,0,summer
21,91,2,summer
21,92,0,summer
21,93,0,summer
21,94,0,summer
21,95,0,summer
21,96,0,summer
21,97,0,summer
21,98,0,summer
21,99,0,summer
21,100,0,summer
21,101,0,summer
21,102,0,summer
21,103,0,summer
21,104,0,summer
21,105,0,summer
21,106,0,summer
21,107,0,summer
21,108,0,summer
21,109,0,summer
21,110,0,summer
21,111,0,summer
22,1,0,summer
22,2,0,summer
22,3,0,summer
22,4,0,summer
22,5,0,summer
22,6,0,summer
22,7,0,summer
22,8,0,summer
22,9,105,summer
22,10,0,summer
22,11,0,summer
22,12,0,summer
22,13,0,summer
22,14,0,summer
22,15,0,summer
22,16,0,summer
22,17,0,summer
22,18,0,summer
22,19,0,summer
22,20,0,summer
22,21,0,summer
22,22,0,summer
22,23,0,summer
22,24,0,summer
22,25,0,summer
22,26,0,summer
22,27,0,summer
22,28,0,summer
22,29,0,summer
22,30,0,summer
22,31,0,summer
22,32,0,summer
22,33,0,summer
22,34,0,summer
22,35,0,summer
22,36,0,summer
22,37,0,summer
22,38,0,summer
22,39,0,summer
22,40,0,summer
22,41,0,summer
22,42,0,summer
22,43,0,summer
22,44,0,summer
22,45,0,summer
22,46,0,summer
22,47,0,summer
22,48,0,summer
22,49,0,summer
22,50,0,summer
22,51,0,summer
22,52,0,summer
22,53,0,summer
22,54,0,summer
22,55,0,summer
22,56,0,summer
22,57,0,summer
22,58,0,summer
22,59,0,summer
22,60,0,summer
22,61,0,summer
22,62,0,summer
22,63,0,summer
22,64,0,summer
22,65,0,summer
22,66,0,summer
22,67,0,summer
22,68,78,summer
22,69,0,summer
22,70,0,summer
22,71,0,summer
22,72,0,summer
22,73,0,summer
22,74,0,summer
22,75,0,summer
22,76,0,summer
22,77,0,summer
22,78,1,summer
22,79,0,summer
22,80,0,summer
22,81,0,summer
22,82,0,summer
22,83,0,summer
22,84,0,summer
22,85,0,summer
22,86,0,summer
22,87,0,summer
22,88,0,summer
22,89,0,summer
22,90,0,summer
22,91,0,summer
22,92,0,summer
22,93,1,summer
22,94,0,summer
22,95,0,summer
22,96,0,summer
22,97,0,summer
22,98,0,summer
22,99,0,summer
22,100,0,summer
22,101,0,summer
22,102,0,summer
22,103,0,summer
22,104,0,summer
22,105,0,summer
22,106,0,summer
22,107,0,summer
22,108,0,summer
22,109,0,summer
22,110,0,summer
22,111,0,summer
23,1,0,summer
23,2,0,summer
23,3,0,summer
23,4,0,summer
23,5,16,summer
23,6,0,summer
23,7,0,summer
23,8,0,summer
23,9,0,summer
23,10,0,summer
23,11,0,summer
23,12,0,summer
23,13,0,summer
23,14,0,summer
23,15,0,summer
23,16,0,summer
23,17,0,summer
23,18,0,summer
23,19,0,summer
23,20,0,summer
23,21,0,summer
23,22,0,summer
23,23,0,summer
23,24,0,summer
23,25,0,summer
23,26,0,summer
23,27,0,summer
23,28,0,summer
23,29,2,summer
23,30,0,summer
23,31,0,summer
23,32,0,summer
23,33,0,summer
23,34,0,summer
23,35,0,summer
23,36,0,summer
23,37,0,summer
23,38,0,summer
23,39,0,summer
23,40,0,summer
23,41,0,summer
23,42,0,summer
23,43,0,summer
23,44,0,summer
23,45,44,summer
23,46,0,summer
23,47,0,summer
23,48,0,summer
23,49,0,summer
23,50,0,summer
23,51,0,summer
23,52,0,summer
23,53,0,summer
23,54,0,summer
23,55,0,summer
23,56,1,summer
23,57,0,summer
23,58,0,summer
23,59,0,summer
23,60,0,summer
23,61,0,summer
23,62,0,summer
23,63,0,summer
23,64,0,summer
23,65,0,summer
23,66,0,summer
23,67,0,summer
23,68,0,summer
23,69,0,summer
23,70,0,summer
23,71,0,summer
23,72,0,summer
23,73,0,summer
23,74,0,summer
23,75,0,summer
23,76,0,summer
23,77,0,summer
23,78,0,summer
23,79,0,summer
23,80,0,summer
23,81,0,summer
23,82,0,summer
23,83,0,summer
23,84,0,summer
23,85,0,summer
23,86,0,summer
23,87,0,summer
23,88,0,summer
23,89,0,summer
23,90,0,summer
23,91,0,summer
23,92,0,summer
23,93,0,summer
23,94,0,summer
23,95,0,summer
23,96,0,summer
23,97,0,summer
23,98,0,summer
23,99,0,summer
23,100,0,summer
23,101,0,summer
23,102,0,summer
23,103,0,summer
23,104,0,summer
23,105,0,summer
23,106,0,summer
23,107,0,summer
23,108,0,summer
23,109,0,summer
23,110,0,summer
23,111,0,summer
24,1,0,summer
24,2,0,summer
24,3,0,summer
24,4,0,summer
24,5,0,summer
24,6,62,summer
24,7,0,summer
24,8,0,summer
24,9,0,summer
24,10,0,summer
24,11,0,summer
24,12,0,summer
24,13,0,summer
24,14,0,summer
24,15,0,summer
24,16,0,summer
24,17,0,summer
24,18,0,summer
24,19,0,summer
24,20,0,summer
24,21,0,summer
24,22,0,summer
24,23,0,summer
24,24,0,summer
24,25,0,summer
24,26,0,summer
24,27,0,summer
24,28,0,summer
24,29,0,summer
24,30,0,summer
24,31,0,summer
24,32,0,summer
24,33,0,summer
24,34,0,summer
24,35,0,summer
24,36,0,summer
24,37,0,summer
24,38,0,summer
24,39,0,summer
24,40,0,summer
24,41,0,summer
24,42,0,summer
24,43,61,summer
24,44,0,summer
24,45,0,summer
24,46,0,summer
24,47,0,summer
24,48,0,summer
24,49,0,summer
24,50,0,summer
24,51,0,summer
24,52,0,summer
24,53,0,summer
24,54,0,summer
24,55,0,summer
24,56,0,summer
24,57,0,summer
24,58,0,summer
24,59,0,summer
24,60,2,summer
24,61,0,summer
24,62,0,summer
24,63,0,summer
24,64,0,summer
24,65,0,summer
24,66,0,summer
24,67,0,summer
24,68,0,summer
24,69,0,summer
24,70,0,summer
24,71,0,summer
24,72,0,summer
24,73,0,summer
24,74,0,summer
24,75,0,summer
24,76,0,summer
24,77,0,summer
24,78,0,summer
24,79,0,summer
24,80,0,summer
24,81,0,summer
24,82,0,summer
24,83,0,summer
24,84,0,summer
24,85,0,summer
24,86,0,summer
24,87,0,summer
24,88,0,summer
24,89,0,summer
24,90,0,summer
24,91,0,summer
24,92,0,summer
24,93,0,summer
24,94,0,summer
24,95,0,summer
24,96,0,summer
24,97,0,summer
24,98,0,summer
24,99,0,summer
24,100,0,summer
24,101,0,summer
24,102,0,summer
24,103,0,summer
24,104,0,summer
24,105,0,summer
24,106,0,summer
24,107,0,summer
24,108,0,summer
24,109,0,summer
24,110,0,summer
24,111,0,summer
25,1,0,summer
25,2,0,summer
25,3,0,summer
25,4,0,summer
25,5,0,summer
25,6,0,summer
25,7,0,summer
25,8,0,summer
25,9,126,summer
25,10,0,summer
25,11,0,summer
25,12,1,summer
25,13,0,summer
25,14,0,summer
25,15,0,summer
25,16,0,summer
25,17,0,summer
25,18,0,summer
25,19,0,summer
25,20,0,summer
25,21,0,summer
25,22,0,summer
25,23,0,summer
25,24,0,summer
25,25,0,summer
25,26,0,summer
25,27,0,summer
25,28,0,summer
25,29,0,summer
25,30,0,summer
25,31,0,summer
25,32,0,summer
25,33,0,summer
25,34,0,summer
25,35,0,summer
25,36,0,summer
25,37,0,summer
25,38,0,summer
25,39,0,summer
25,40,0,summer
25,41,0,summer
25,42,0,summer
25,43,0,summer
25,44,0,summer
25,45,146,summer
25,46,0,summer
25,47,0,summer
25,48,0,summer
25,49,0,summer
25,50,0,summer
25,51,0,summer
25,52,0,summer
25,53,0,summer
25,54,0,summer
25,55,0,summer
25,56,0,summer
25,57,0,summer
25,58,0,summer
25,59,0,summer
25,60,0,summer
25,61,0,summer
25,62,0,summer
25,63,0,summer
25,64,0,summer
25,65,0,summer
25,66,0,summer
25,67,0,summer
25,68,0,summer
25,69,0,summer
25,70,0,summer
25,71,0,summer
25,72,0,summer
25,73,0,summer
25,74,0,summer
25,75,0,summer
25,76,0,summer
25,77,0,summer
25,78,0,summer
25,79,0,summer
25,80,0,summer
25,81,12,summer
25,82,0,summer
25,83,0,summer
25,84,1,summer
25,85,0,summer
25,86,0,summer
25,87,0,summer
25,88,0,summer
25,89,0,summer
25,90,0,summer
25,91,0,summer
25,92,0,summer
25,93,23,summer
25,94,0,summer
25,95,0,summer
25,96,0,summer
25,97,0,summer
25,98,0,summer
25,99,0,summer
25,100,0,summer
25,101,0,summer
25,102,0,summer
25,103,0,summer
25,104,0,summer
25,105,0,summer
25,106,0,summer
25,107,0,summer
25,108,0,summer
25,109,0,summer
25,110,0,summer
25,111,0,summer
26,1,0,summer
26,2,3,summer
26,3,0,summer
26,4,0,summer
26,5,54,summer
26,6,0,summer
26,7,0,summer
26,8,0,summer
26,9,0,summer
26,10,0,summer
26,11,0,summer
26,12,0,summer
26,13,0,summer
26,14,0,summer
26,15,0,summer
26,16,0,summer
26,17,0,summer
26,18,0,summer
26,19,0,summer
26,20,0,summer
26,21,0,summer
26,22,0,summer
26,23,0,summer
26,24,0,summer
26,25,0,summer
26,26,0,summer
26,27,0,summer
26,28,0,summer
26,29,0,summer
26,30,0,summer
26,31,0,summer
26,32,0,summer
26,33,0,summer
26,34,0,summer
26,35,0,summer
26,36,0,summer
26,37,0,summer
26,38,0,summer
26,39,0,summer
26,40,0,summer
26,41,0,summer
26,42,0,summer
26,43,0,summer
26,44,0,summer
26,45,54,summer
26,46,0,summer
26,47,0,summer
26,48,0,summer
26,49,0,summer
26,50,0,summer
26,51,0,summer
26,52,0,summer
26,53,0,summer
26,54,0,summer
26,55,0,summer
26,56,0,summer
26,57,0,summer
26,58,0,summer
26,59,0,summer
26,60,0,summer
26,61,0,summer
26,62,0,summer
26,63,0,summer
26,64,0,summer
26,65,0,summer
26,66,0,summer
26,67,0,summer
26,68,0,summer
26,69,0,summer
26,70,0,summer
26,71,0,summer
26,72,0,summer
26,73,0,summer
26,74,0,summer
26,75,0,summer
26,76,0,summer
26,77,0,summer
26,78,0,summer
26,79,0,summer
26,80,0,summer
26,81,0,summer
26,82,0,summer
26,83,0,summer
26,84,0,summer
26,85,0,summer
26,86,0,summer
26,87,0,summer
26,88,0,summer
26,89,0,summer
26,90,0,summer
26,91,0,summer
26,92,0,summer
26,93,0,summer
26,94,0,summer
26,95,0,summer
26,96,0,summer
26,97,0,summer
26,98,0,summer
26,99,0,summer
26,100,0,summer
26,101,0,summer
26,102,0,summer
26,103,0,summer
26,104,0,summer
26,105,0,summer
26,106,0,summer
26,107,0,summer
26,108,0,summer
26,109,0,summer
26,110,0,summer
26,111,0,summer
27,1,0,summer
27,2,0,summer
27,3,0,summer
27,4,0,summer
27,5,0,summer
27,6,0,summer
27,7,0,summer
27,8,0,summer
27,9,87,summer
27,10,0,summer
27,11,0,summer
27,12,0,summer
27,13,0,summer
27,14,0,summer
27,15,0,summer
27,16,0,summer
27,17,0,summer
27,18,0,summer
27,19,0,summer
27,20,0,summer
27,21,0,summer
27,22,0,summer
27,23,0,summer
27,24,0,summer
27,25,0,summer
27,26,0,summer
27,27,0,summer
27,28,0,summer
27,29,0,summer
27,30,0,summer
27,31,0,summer
27,32,0,summer
27,33,0,summer
27,34,0,summer
27,35,0,summer
27,36,0,summer
27,56,0,summer
27,57,0,summer
27,58,0,summer
27,59,0,summer
27,60,0,summer
27,61,0,summer
27,62,0,summer
27,63,0,summer
27,64,0,summer
27,65,0,summer
27,66,0,summer
27,67,0,summer
27,68,77,summer
